-- --------------------------------------------------------
-- Host:                         127.0.0.1
-- Server version:               8.0.36 - MySQL Community Server - GPL
-- Server OS:                    Win64
-- HeidiSQL Version:             12.6.0.6765
-- --------------------------------------------------------

/*!40101 SET @OLD_CHARACTER_SET_CLIENT=@@CHARACTER_SET_CLIENT */;
/*!40101 SET NAMES utf8 */;
/*!50503 SET NAMES utf8mb4 */;
/*!40103 SET @OLD_TIME_ZONE=@@TIME_ZONE */;
/*!40103 SET TIME_ZONE='+00:00' */;
/*!40014 SET @OLD_FOREIGN_KEY_CHECKS=@@FOREIGN_KEY_CHECKS, FOREIGN_KEY_CHECKS=0 */;
/*!40101 SET @OLD_SQL_MODE=@@SQL_MODE, SQL_MODE='NO_AUTO_VALUE_ON_ZERO' */;
/*!40111 SET @OLD_SQL_NOTES=@@SQL_NOTES, SQL_NOTES=0 */;

-- Dumping structure for table dvdcollection.actors
CREATE TABLE IF NOT EXISTS `actors` (
  `id` int unsigned NOT NULL AUTO_INCREMENT,
  `name` varchar(100) COLLATE utf8mb4_general_ci DEFAULT NULL,
  PRIMARY KEY (`id`)
) ENGINE=InnoDB AUTO_INCREMENT=389 DEFAULT CHARSET=utf8mb4 COLLATE=utf8mb4_general_ci;

-- Dumping data for table dvdcollection.actors: ~388 rows (approximately)
INSERT INTO `actors` (`id`, `name`) VALUES
	(1, 'Tom Hanks'),
	(2, 'Daryl Hannah'),
	(3, 'John Candy'),
	(4, 'Arnold Schwarzenegger'),
	(5, 'Harrison Ford'),
	(6, 'Sean Young'),
	(7, 'Dolph Lungren'),
	(8, 'Courtney Cox'),
	(9, 'Tom Selleck'),
	(10, 'Ted Danson'),
	(11, 'Jane Fonda'),
	(12, 'Lily Tomlin'),
	(13, 'Dolly Parton'),
	(14, 'Heath Ledger'),
	(15, 'Julia Stiles'),
	(16, 'Joseph Gordon-Levitt'),
	(17, 'Cillian Murphy'),
	(18, 'Naomie Harris'),
	(19, 'Christopher Eccleston'),
	(20, 'Rose Byrne'),
	(21, 'Robert Carlyle'),
	(22, 'Jeremy Renner'),
	(23, 'Montgomery Clift'),
	(24, 'Elizabeth Taylor'),
	(25, 'Shelley Winters'),
	(26, 'Hugh Grant'),
	(27, 'Nicholas Hoult'),
	(28, 'Toni Collette'),
	(29, 'Rachel Weisz'),
	(30, 'Jim Carrey'),
	(31, 'Cary Grant'),
	(32, 'Deborah Kerr'),
	(33, 'Richard Denning'),
	(34, 'Richard Gere'),
	(35, 'Debra Winger'),
	(36, 'David Keith'),
	(37, 'Mike Myers'),
	(38, 'Elizabeth Hurley'),
	(39, 'Michael York'),
	(40, 'Nicole Kidman'),
	(41, 'Hugh Jackman'),
	(42, 'Shea Adams'),
	(43, 'Robin Williams'),
	(44, 'Scott Weinger'),
	(45, 'Will Smith'),
	(46, 'Martin Lawrence'),
	(47, 'Tea Leoni'),
	(48, 'Gabrielle Union'),
	(49, 'Christian Bale'),
	(50, 'Michael Caine'),
	(51, 'Ken Watanabe'),
	(52, 'Angela Lansbury'),
	(53, 'David Tomlinson'),
	(54, 'Roddy McDowall'),
	(55, 'Bonnie Hunt'),
	(56, 'Charles Grodin'),
	(57, 'Alec Baldwin'),
	(58, 'Michael Keaton'),
	(59, 'Geena Davis'),
	(60, 'Winona Ryder'),
	(61, 'Adam Sandler'),
	(62, 'Wesley Snipes'),
	(63, 'Steven Dorff'),
	(64, 'Kris Kristofferson'),
	(65, 'Thandiwe Newton'),
	(66, 'Jaden Smith'),
	(67, 'Leonardo DiCaprio'),
	(68, 'Djimon Hounsou'),
	(69, 'Jennifer Connelly'),
	(70, 'Loretta Young'),
	(71, 'Jackie Kelk'),
	(72, 'Robert De Niro'),
	(73, 'Michael Palin'),
	(74, 'Bob Hoskins'),
	(75, 'Audrey Hepburn'),
	(76, 'George Peppard'),
	(77, 'Patricia Neal'),
	(78, 'Kristen Wiig'),
	(79, 'Maya Rudolph'),
	(80, 'Rose Byrne'),
	(81, 'Colin Firth'),
	(82, 'Renee Zellweger'),
	(83, 'Jodie Foster'),
	(84, 'Scott Baio'),
	(85, 'Paul Newman'),
	(86, 'Robert Redford'),
	(87, 'Gordon MacRae'),
	(88, 'Shirely Jones'),
	(89, 'Daniel Craig'),
	(90, 'Eva Green'),
	(91, 'Judi Dench'),
	(92, 'Kevin Hart'),
	(93, 'Dwayne Johnson'),
	(94, 'Johnny Depp'),
	(95, 'Juliette Binoche'),
	(96, 'Alicia Silverstone'),
	(97, 'Brittany Murphy'),
	(98, 'Stacey Dash'),
	(99, 'Tom Cruise'),
	(100, 'Jamie Fox'),
	(101, 'Jada Pinkett Smith'),
	(102, 'Nicolas Cage'),
	(103, 'John Cusack'),
	(104, 'John Malkovich'),
	(105, 'Leon'),
	(106, 'Sandra Bullock'),
	(107, 'Sylvester Stallone'),
	(108, 'Paul Hogan'),
	(109, 'Linda Kozlowski'),
	(110, 'Bruce Willis'),
	(111, 'Alan Rickman'),
	(112, 'Samuel L. Jackson'),
	(113, 'Kate Winslet'),
	(114, 'Theo James'),
	(115, 'Shailene Woodley'),
	(116, 'Jeff Daniels'),
	(117, 'Christoph Waltz'),
	(118, 'Ewan McGregor'),
	(119, 'Jennifer Lopez'),
	(120, 'John Travolta'),
	(121, 'Irene Cara'),
	(122, 'Benicio Del Toro'),
	(123, 'Tobey Maguire'),
	(124, 'Kevin Costner'),
	(125, 'James Earl Jones'),
	(126, 'Ray Liotta'),
	(127, 'Jennifer Beals'),
	(128, 'Paul Bettany'),
	(129, 'Andie MacDowell'),
	(130, 'Joey Cramer'),
	(131, 'Sarah Jessica Parker'),
	(132, 'Kathy Bates'),
	(133, 'Fred Astaire'),
	(134, 'Ruth Jones'),
	(135, 'James Coden'),
	(136, 'Larry Lamb'),
	(137, 'Joanna Page'),
	(138, 'Patrick Swayze'),
	(139, 'Demi Moore'),
	(140, 'Whoopi Goldberg'),
	(141, 'Bill Murray'),
	(142, 'Sigourney Weaver'),
	(143, 'Dan Aykroyd'),
	(144, 'Rick Moranis'),
	(145, 'Harold Ramis'),
	(146, 'Annie Pots'),
	(147, 'Angelina Jolie'),
	(148, 'Matt Damon'),
	(149, 'Zac Galligan'),
	(150, 'Charlize Theron'),
	(151, 'Jason Bateman'),
	(152, 'Grace Kelly'),
	(153, 'Frank Sinatra'),
	(154, 'Bing Crosby'),
	(155, 'Eva Mendes'),
	(156, 'Kevin James'),
	(157, 'Macaulay Culkin'),
	(158, 'Joe Pesci'),
	(159, 'Catherine O\'Hara'),
	(160, 'Ziyi Zhang'),
	(161, 'Takeshi Kaneshiro'),
	(162, 'Jeff Goldblum'),
	(163, 'Bill Pullman'),
	(164, 'Karen Allen'),
	(165, 'Sean Connery'),
	(166, 'Ke Huy Quan'),
	(167, 'Kate Capshaw'),
	(168, 'Brad Pitt'),
	(169, 'Melanie Laurent'),
	(170, 'Catherine Zeta Jones'),
	(171, 'George Clooney'),
	(172, 'James Stewart'),
	(173, 'Donna Reed'),
	(174, 'Roy Scheider'),
	(175, 'Robert Shaw'),
	(176, 'Keanu Reeves'),
	(177, 'Kirsten Dunst'),
	(178, 'Sam Neill'),
	(179, 'Laura Dern'),
	(180, 'Uma Thurman'),
	(181, 'Taron Egerton'),
	(182, 'David Bowie'),
	(183, 'Natalie Portman'),
	(184, 'Jean Reno'),
	(185, 'Gary Oldman'),
	(186, 'Emma Stone'),
	(187, 'Ryan Gosling'),
	(188, 'Jason Statham'),
	(189, 'Vinnie Jones'),
	(190, 'Jason Flemyng'),
	(191, 'Nick Moran'),
	(192, 'Josh Hartnett'),
	(193, 'Morgan Freeman'),
	(194, 'Ben Kingsley'),
	(195, 'Lucy Lui'),
	(196, 'Stanley Tucci'),
	(197, 'Mel Gibson'),
	(198, 'Tina Turner'),
	(199, 'Meryl Steep'),
	(200, 'Pierce Brosnan'),
	(201, 'Julie Walters'),
	(202, 'Kim Cattrall'),
	(203, 'Andrew McCarthy'),
	(204, 'Judy Garland'),
	(205, 'Margaret O\'Brien'),
	(206, 'Owen Wilson'),
	(207, 'Ben Stiller'),
	(208, 'Dustin Hoffman'),
	(209, 'Barbra Streisand'),
	(210, 'Michelle Yeoh'),
	(211, 'Tommy Lee Jones'),
	(212, 'Collin Farrell'),
	(213, 'Sally Field'),
	(214, 'Eric Bana'),
	(215, 'Marie-Josee Croze'),
	(216, 'Rex Harrison'),
	(217, 'Jamie Lee Curtis'),
	(218, 'Anna Chlumsky'),
	(219, 'Julia Roberts'),
	(220, 'Isla Fisher'),
	(221, 'Jesse Eisenberg'),
	(222, 'Woody Harrelson'),
	(223, 'Andy Garcia'),
	(224, 'Al Pacino'),
	(225, 'Don Cheadle'),
	(226, 'Gloria Grahame'),
	(227, 'Gene Nelson'),
	(228, 'Antonio Banderas'),
	(229, 'Salma Hayek'),
	(230, 'Marisa Tomei'),
	(231, 'Robert Downey Jr.'),
	(232, 'Goldie Hawn'),
	(233, 'Kurt Russell'),
	(234, 'Ivana Baquero'),
	(235, 'Adriadna Gil'),
	(236, 'William Holden'),
	(237, 'Jeanie Crain'),
	(238, 'Sean Marshall'),
	(239, 'Helen Reddy'),
	(240, 'Jim Dale'),
	(241, 'Rock Hudson'),
	(242, 'Doris Day'),
	(243, 'Tony Randall'),
	(244, 'Anna Kendrick'),
	(245, 'Rebel Wilson'),
	(246, 'Brittany Snow'),
	(247, 'Mark Wahlberg'),
	(248, 'Helena Bonham Carter'),
	(249, 'Tim Roth'),
	(250, 'Carl Weathers'),
	(251, 'Danny Glover'),
	(252, 'Olga Kurylenko'),
	(253, 'Milla Jovovich'),
	(254, 'Michelle Rodriguez'),
	(255, 'Cary Elwes'),
	(256, 'Dave Chappelle'),
	(257, 'Tracey Ullman'),
	(258, 'Patrick Stewart'),
	(259, 'Gregory Peck'),
	(260, 'Claire Danes'),
	(261, 'Joan Cusack'),
	(262, 'Jackie Chan'),
	(263, 'Chris Tucker'),
	(264, 'Ione Skye'),
	(265, 'John Mahoney'),
	(266, 'Michelle Pfeiffer'),
	(267, 'Cynthia Nixon'),
	(268, 'Kristin Davis'),
	(269, 'Simon Pegg'),
	(270, 'Nick Frost'),
	(271, 'Kate Ashfield'),
	(272, 'Gene Kelly'),
	(273, 'Debbie Reynolds'),
	(274, 'Donald O\'Connor'),
	(275, 'Maggie Smith'),
	(276, 'Patrick Bergin'),
	(277, 'Meg Ryan'),
	(278, 'Gwyneth Paltrow'),
	(279, 'John Hannah'),
	(280, 'Jeanne Tripplehorn'),
	(281, 'John Kerr'),
	(282, 'Rossano Brazzi'),
	(283, 'Mitzi Gaynor'),
	(284, 'Will Weaton'),
	(285, 'River Phoenix'),
	(286, 'Corey Feldman'),
	(287, 'Chris Pine'),
	(288, 'Zachary Quinto'),
	(289, 'Zoe Saldana'),
	(290, 'John Cho'),
	(291, 'Halle Berry'),
	(292, 'Paige Turco'),
	(293, 'David Warner'),
	(294, 'Michelan Sisti'),
	(295, 'Tilda Swinton'),
	(296, 'Daniel York'),
	(297, 'Whitney Houston'),
	(298, 'Gary Kemp'),
	(299, 'Jennifer Anniston'),
	(300, 'Vince Vaughn'),
	(301, 'Clint Eastwood'),
	(302, 'Eli Wallach'),
	(303, 'Lee Van Cleef'),
	(304, 'Kate Winslet'),
	(305, 'Cameron Diaz'),
	(306, 'Jude Law'),
	(307, 'Jennifer Lawrence'),
	(308, 'Liam Hemsworth'),
	(309, 'Scarlett Johansson'),
	(310, 'John  Goodman'),
	(311, 'Haley Joel Osment'),
	(312, 'James McAvoy'),
	(313, 'Forest Whitaker'),
	(314, 'Gillian Anderson'),
	(315, 'Yul Brynner'),
	(316, 'Steve McQueen'),
	(317, 'Charles Bronson'),
	(318, 'Anthony Hopkins'),
	(319, 'Laurence Fishburne'),
	(320, 'Carrie-Anne Moss'),
	(321, 'Brendan Fraser'),
	(322, 'Karl Pilkington'),
	(323, 'Stephen Merchant'),
	(324, 'Ricky Gervais'),
	(325, 'Noah Hathaway'),
	(326, 'Barret Oliver'),
	(327, 'Tami Stronach'),
	(328, 'Gerard Butler'),
	(329, 'Emmy Rossum'),
	(330, 'Patrick Wilson'),
	(331, 'Ryan Reynolds'),
	(332, 'Ed Harris'),
	(333, 'Julie Andrews'),
	(334, 'Christopher Plummer'),
	(335, 'Linda Hamilton'),
	(336, 'Michael Biehn'),
	(337, 'Rene Russo'),
	(338, 'Oliver Reed'),
	(339, 'Raquel Welch'),
	(340, 'Richard Chamberlain'),
	(341, 'Shu Qi'),
	(342, 'Matt Schulze'),
	(343, 'Katherine Heigl'),
	(344, 'David Jason'),
	(345, 'Richard Pearson'),
	(346, 'Ian Carmichael'),
	(347, 'Anjelica Huston'),
	(348, 'Rowan Atkinson'),
	(349, 'Jasen Fisher'),
	(350, 'Dylan Mc Dermott'),
	(351, 'Kelly McGillis'),
	(352, 'Tim Robbins'),
	(353, 'Sharon Stone'),
	(354, 'Michael Ironside'),
	(355, 'Diane Lane'),
	(356, 'Sandra Oh'),
	(357, 'Hugo Weaving'),
	(358, 'Rupert Graves'),
	(359, 'Natalie Wood'),
	(360, 'George Chakiris'),
	(361, 'Helen Hunt'),
	(362, 'Billy Crystal'),
	(363, 'Carrie Fisher'),
	(364, 'Christopher Lloyd'),
	(365, 'Joanna Cassidy'),
	(366, 'Gene Wilder'),
	(367, 'Jack Albertson'),
	(368, 'Peter Ostrum'),
	(369, 'Melanie Griffith'),
	(370, 'Ralph Fiennes'),
	(371, 'Greg Kinnear'),
	(372, 'Christine Taylor'),
	(373, 'Dennis Hopper'),
	(374, 'Dylan O\'Brien'),
	(375, 'Kaya Scodelario'),
	(376, 'Thomas Brodie-Sangster'),
	(377, 'Ki Hong Lee'),
	(378, 'Elizabeth Perkins'),
	(379, 'Steve Guttenberg'),
	(380, 'Ashley Judd'),
	(381, 'Josh Brolin'),
	(382, 'Sean Astin'),
	(383, 'Jeff Cohen'),
	(384, 'Marcia Strassman'),
	(385, 'Bill Nighy'),
	(386, 'Philip Seymour Hoffman'),
	(387, 'Will Ferrell'),
	(388, 'John C. Reilly');

-- Dumping structure for table dvdcollection.content
CREATE TABLE IF NOT EXISTS `content` (
  `dvd_id` int DEFAULT NULL,
  `genre_id` int DEFAULT NULL
) ENGINE=InnoDB DEFAULT CHARSET=utf8 COLLATE=utf8_general_ci;

-- Dumping data for table dvdcollection.content: ~478 rows (approximately)
INSERT INTO `content` (`dvd_id`, `genre_id`) VALUES
	(129, 2),
	(130, 2),
	(131, 16),
	(132, 7),
	(133, 7),
	(134, 9),
	(135, 7),
	(135, 2),
	(137, 8),
	(137, 12),
	(136, 8),
	(136, 12),
	(138, 1),
	(139, 17),
	(139, 5),
	(140, 5),
	(140, 6),
	(140, 1),
	(141, 5),
	(141, 6),
	(142, 2),
	(143, 5),
	(143, 20),
	(144, 13),
	(145, 11),
	(146, 5),
	(147, 6),
	(147, 5),
	(148, 6),
	(148, 5),
	(149, 8),
	(150, 5),
	(150, 11),
	(151, 5),
	(152, 7),
	(153, 21),
	(153, 22),
	(153, 11),
	(154, 2),
	(155, 20),
	(155, 5),
	(155, 8),
	(156, 20),
	(156, 5),
	(157, 2),
	(158, 5),
	(158, 15),
	(159, 11),
	(159, 21),
	(160, 8),
	(160, 6),
	(161, 12),
	(161, 7),
	(161, 21),
	(162, 8),
	(162, 12),
	(163, 13),
	(163, 5),
	(164, 11),
	(165, 2),
	(166, 11),
	(166, 16),
	(166, 21),
	(167, 12),
	(167, 21),
	(1, 3),
	(1, 2),
	(1, 16),
	(168, 11),
	(169, 1),
	(170, 5),
	(170, 20),
	(171, 8),
	(171, 10),
	(172, 10),
	(172, 11),
	(173, 11),
	(173, 12),
	(173, 5),
	(174, 11),
	(174, 21),
	(174, 8),
	(175, 11),
	(175, 5),
	(175, 20),
	(176, 7),
	(176, 23),
	(177, 2),
	(177, 19),
	(178, 10),
	(178, 4),
	(179, 1),
	(179, 4),
	(181, 24),
	(181, 21),
	(181, 25),
	(181, 11),
	(180, 9),
	(182, 23),
	(182, 7),
	(182, 10),
	(183, 10),
	(183, 8),
	(184, 1),
	(184, 16),
	(184, 5),
	(185, 1),
	(185, 16),
	(185, 5),
	(186, 1),
	(186, 16),
	(186, 5),
	(187, 6),
	(188, 8),
	(189, 10),
	(189, 16),
	(188, 24),
	(190, 16),
	(190, 10),
	(191, 12),
	(191, 21),
	(192, 8),
	(192, 2),
	(192, 21),
	(27, 11),
	(27, 24),
	(193, 5),
	(194, 12),
	(194, 24),
	(194, 7),
	(195, 16),
	(195, 5),
	(195, 1),
	(196, 26),
	(196, 21),
	(196, 20),
	(197, 10),
	(198, 5),
	(198, 20),
	(198, 26),
	(199, 2),
	(199, 8),
	(200, 18),
	(201, 18),
	(201, 16),
	(201, 12),
	(202, 7),
	(202, 16),
	(202, 18),
	(203, 2),
	(204, 7),
	(204, 21),
	(205, 5),
	(205, 11),
	(5, 1),
	(3, 4),
	(208, 1),
	(208, 26),
	(208, 16),
	(208, 4),
	(206, 5),
	(207, 5),
	(206, 20),
	(205, 20),
	(209, 8),
	(209, 18),
	(210, 2),
	(210, 11),
	(211, 4),
	(212, 5),
	(212, 16),
	(212, 20),
	(213, 12),
	(213, 7),
	(214, 2),
	(214, 16),
	(214, 8),
	(214, 2),
	(215, 2),
	(216, 1),
	(216, 8),
	(217, 18),
	(217, 8),
	(218, 27),
	(218, 18),
	(218, 8),
	(201, 27),
	(218, 12),
	(219, 3),
	(219, 8),
	(220, 21),
	(220, 11),
	(220, 25),
	(221, 2),
	(221, 8),
	(222, 8),
	(223, 5),
	(223, 26),
	(224, 4),
	(225, 4),
	(224, 10),
	(225, 10),
	(5, 16),
	(6, 8),
	(7, 8),
	(2, 8),
	(4, 4),
	(8, 8),
	(9, 6),
	(10, 6),
	(11, 7),
	(12, 11),
	(13, 8),
	(14, 9),
	(15, 7),
	(16, 11),
	(17, 11),
	(18, 8),
	(19, 21),
	(21, 20),
	(22, 5),
	(23, 12),
	(24, 8),
	(25, 8),
	(26, 11),
	(28, 6),
	(29, 6),
	(30, 20),
	(31, 7),
	(32, 4),
	(33, 2),
	(34, 8),
	(35, 2),
	(36, 2),
	(37, 18),
	(38, 24),
	(39, 12),
	(40, 13),
	(41, 8),
	(42, 2),
	(43, 8),
	(44, 5),
	(45, 5),
	(46, 8),
	(48, 11),
	(49, 1),
	(50, 5),
	(51, 5),
	(52, 5),
	(53, 5),
	(54, 5),
	(55, 5),
	(56, 5),
	(57, 5),
	(58, 2),
	(59, 8),
	(60, 11),
	(61, 5),
	(62, 14),
	(63, 15),
	(64, 16),
	(65, 26),
	(66, 11),
	(67, 18),
	(68, 2),
	(69, 11),
	(70, 7),
	(71, 8),
	(72, 8),
	(73, 8),
	(74, 11),
	(75, 16),
	(76, 16),
	(77, 11),
	(78, 5),
	(79, 16),
	(80, 11),
	(81, 8),
	(82, 7),
	(83, 2),
	(84, 8),
	(85, 10),
	(86, 20),
	(87, 5),
	(88, 10),
	(89, 10),
	(90, 10),
	(91, 5),
	(92, 2),
	(93, 7),
	(96, 8),
	(95, 1),
	(96, 1),
	(97, 10),
	(98, 5),
	(99, 13),
	(100, 7),
	(101, 12),
	(102, 16),
	(107, 4),
	(108, 4),
	(109, 8),
	(110, 2),
	(103, 5),
	(104, 20),
	(105, 20),
	(111, 8),
	(112, 7),
	(112, 12),
	(113, 8),
	(114, 8),
	(115, 11),
	(116, 10),
	(117, 20),
	(118, 8),
	(119, 5),
	(120, 7),
	(121, 18),
	(122, 2),
	(123, 10),
	(124, 17),
	(125, 17),
	(126, 17),
	(127, 12),
	(128, 5),
	(47, 2),
	(37, 12),
	(232, 1),
	(233, 1),
	(234, 1),
	(235, 1),
	(236, 7),
	(237, 7),
	(238, 7),
	(239, 5),
	(240, 5),
	(241, 5),
	(2, 3),
	(3, 1),
	(4, 1),
	(6, 3),
	(7, 3),
	(8, 22),
	(8, 21),
	(11, 21),
	(11, 11),
	(14, 12),
	(15, 11),
	(15, 21),
	(16, 21),
	(17, 2),
	(19, 11),
	(20, 20),
	(20, 5),
	(21, 5),
	(22, 20),
	(22, 16),
	(23, 9),
	(24, 18),
	(25, 16),
	(25, 6),
	(26, 8),
	(30, 5),
	(31, 21),
	(31, 11),
	(33, 7),
	(37, 20),
	(38, 20),
	(38, 11),
	(38, 23),
	(39, 7),
	(40, 10),
	(41, 20),
	(42, 11),
	(43, 18),
	(44, 26),
	(44, 20),
	(45, 20),
	(45, 26),
	(47, 8),
	(47, 3),
	(49, 16),
	(49, 20),
	(49, 5),
	(50, 20),
	(51, 20),
	(52, 20),
	(53, 20),
	(54, 4),
	(55, 4),
	(56, 4),
	(57, 23),
	(57, 20),
	(61, 20),
	(61, 26),
	(62, 11),
	(62, 12),
	(63, 11),
	(64, 11),
	(65, 17),
	(65, 20),
	(66, 14),
	(66, 12),
	(67, 3),
	(67, 16),
	(67, 1),
	(70, 2),
	(70, 12),
	(74, 21),
	(74, 16),
	(75, 5),
	(75, 3),
	(76, 3),
	(76, 5),
	(77, 24),
	(78, 11),
	(78, 26),
	(79, 6),
	(79, 3),
	(80, 8),
	(80, 16),
	(81, 5),
	(81, 11),
	(82, 2),
	(84, 18),
	(84, 19),
	(85, 20),
	(86, 7),
	(93, 11),
	(87, 1),
	(87, 16),
	(91, 20),
	(93, 19),
	(95, 5),
	(95, 11),
	(96, 10),
	(96, 18),
	(96, 16),
	(94, 5),
	(97, 18),
	(98, 20),
	(100, 11),
	(101, 21),
	(102, 10),
	(103, 20),
	(105, 5),
	(106, 4),
	(109, 12),
	(110, 3),
	(116, 8),
	(116, 1),
	(117, 16),
	(118, 18),
	(119, 11),
	(119, 25),
	(120, 12),
	(121, 11),
	(123, 20),
	(124, 5),
	(125, 5),
	(126, 5),
	(127, 7),
	(127, 21),
	(130, 3),
	(134, 12),
	(242, 18),
	(242, 8),
	(242, 19),
	(246, 18),
	(246, 8),
	(246, 10),
	(247, 18),
	(247, 8),
	(247, 10),
	(247, 16),
	(248, 11),
	(248, 8),
	(249, 8);

-- Dumping structure for table dvdcollection.director
CREATE TABLE IF NOT EXISTS `director` (
  `id` int NOT NULL AUTO_INCREMENT,
  `director` varchar(50) CHARACTER SET utf8 COLLATE utf8_general_ci DEFAULT NULL,
  KEY `PRIMARY KEY` (`id`)
) ENGINE=InnoDB DEFAULT CHARSET=utf8 COLLATE=utf8_general_ci;

-- Dumping data for table dvdcollection.director: ~174 rows (approximately)
INSERT INTO `director` (`id`, `director`) VALUES
	(1, 'Louis Leterrier'),
	(2, 'Steven Soderbergh'),
	(3, 'Robert Rodriguez'),
	(4, 'Norman Jewison'),
	(5, 'Gary Marshall'),
	(6, 'Guillermo del Toro'),
	(7, 'Richard Quine'),
	(8, 'Joseph L. Mankiewicz'),
	(9, 'Don Chaffey'),
	(10, 'Michael Gordon'),
	(11, 'Trish Sie'),
	(12, 'Jason Moore'),
	(13, 'Tim Burton'),
	(14, 'Kathryn Bigelow'),
	(15, 'John McTiernan'),
	(16, 'Stephen Hopkins'),
	(17, 'Quentin Tarantino'),
	(18, 'Marc Forster'),
	(19, 'Barry Levinson'),
	(20, 'Sylvester Stallone'),
	(21, 'Paul W.S Anderson'),
	(22, 'Russell Mulcahy'),
	(23, 'Mel Brooks'),
	(24, 'Kevin Reynolds'),
	(25, 'William Wyler'),
	(26, 'Baz Luhrmann'),
	(27, 'Brett Ratner'),
	(28, 'Clark Johnson'),
	(29, 'Cameron Crowe'),
	(30, 'Brian De Palma'),
	(31, 'Michael Patrick King'),
	(32, 'Stanley Donen'),
	(33, 'Edgar Wright'),
	(34, 'Emile Ardolino'),
	(35, 'Sam Mendes'),
	(36, 'Joseph Ruben'),
	(37, 'Nora Ephron'),
	(38, 'Peter Howitt'),
	(39, 'Joshua Logan'),
	(40, 'Ron Howard'),
	(41, 'Rob Reiner'),
	(42, 'J.J Abrams'),
	(43, 'Dominic Sena'),
	(44, 'Michael Pressman'),
	(45, 'Danny Boyle'),
	(46, 'Mick Jackson'),
	(47, 'Peyton Reed'),
	(48, 'Andrew Davis'),
	(49, 'Sergio Leone'),
	(50, 'Nancy Meyers'),
	(51, 'Gary Ross'),
	(52, 'Michael Bay'),
	(53, 'Steve Trenbirth'),
	(54, 'Kevin Macdonald'),
	(55, 'John Sturges'),
	(56, 'Martin Campbell'),
	(57, 'Lana Wachoswski'),
	(58, 'Stephen Sommers'),
	(59, 'Wolfgang Petersen'),
	(60, 'Joel Schumacher'),
	(61, 'Anne Fletcher'),
	(62, 'Gabriele Muccino'),
	(63, 'Robert Wise'),
	(64, 'James Camreron'),
	(65, 'Richard Lester'),
	(66, 'Robert Luketic'),
	(67, 'Mark Hall'),
	(68, 'Nicolas Roeg'),
	(69, 'Victor Fleming'),
	(70, 'Scott Winat'),
	(71, 'Alfred Hitchcock'),
	(72, 'Tony Scott'),
	(73, 'Paul Verhoeven'),
	(74, 'Oliver Megaton'),
	(75, 'Terry Gilliam'),
	(76, 'John Hughes'),
	(77, 'Audrey Wells'),
	(78, 'James McTeigue'),
	(79, 'Timur Bekmambetov'),
	(80, 'Jerome Robbins'),
	(81, 'Ron Shelton'),
	(82, 'Robert Zemeckis'),
	(83, 'Mel Stuart'),
	(84, 'Mike Nichols'),
	(85, 'Peter Kosminsky'),
	(86, 'Ben Stiller'),
	(87, 'Jan de Bont'),
	(88, 'Wes Ball'),
	(89, 'Penny Marshall'),
	(90, 'Ridley Scott'),
	(91, 'Gary Goddard'),
	(92, 'Leonard Nimoy'),
	(93, 'Collin Higgins'),
	(94, 'Gil Junger'),
	(95, 'Juan Carlos Fresnadillo'),
	(96, 'George Stevens'),
	(97, 'Chris Weitz'),
	(98, 'Tom Shadyac'),
	(99, 'Roy Clements'),
	(100, 'Leo McCarey'),
	(101, 'Taylor Hackford'),
	(102, 'Tony Goldwyn'),
	(103, 'Jay Roach'),
	(104, 'Christopher Nolan'),
	(105, 'Robert Stevenson'),
	(106, 'Brian Levant'),
	(107, 'Dennis Dugan'),
	(108, 'Stephen Norrington'),
	(109, 'Edward Zwick'),
	(110, 'Lowell Sherman'),
	(111, 'Blake Edwards'),
	(112, 'Paul Feig'),
	(113, 'Sharon Maguire'),
	(114, 'Alan Parker'),
	(115, 'George Roy Hill'),
	(116, 'Henry King'),
	(117, 'Martin Campbell'),
	(118, 'Rawson Marshall Thurber'),
	(119, 'Lasse Hallstrom'),
	(120, 'Amy Heckerling'),
	(121, 'Michael Mann'),
	(122, 'Simon West'),
	(123, 'John Turtleltaub'),
	(124, 'Peter Faiman'),
	(125, 'Marco Brambbilla'),
	(126, 'Renny Harlin'),
	(127, 'Len Wiseman'),
	(128, 'Neil Burger'),
	(129, 'Robert Schwentke'),
	(130, 'Peter Farrelly'),
	(131, 'Michael Apted'),
	(132, 'John Woo'),
	(133, 'Phil Alden Robinson'),
	(134, 'Richard Loncraine'),
	(135, 'Adrian Lyne'),
	(136, 'Randal Kleiser'),
	(137, 'Mike Newell'),
	(138, 'John Avnet'),
	(139, 'Stanley Donen'),
	(140, 'Jerry Zucker'),
	(141, 'Ivan Reitman'),
	(142, 'James Mangold'),
	(143, 'Paul Greengrass'),
	(144, 'Joe Dante'),
	(145, 'Harold Ramis'),
	(146, 'Peter Berg'),
	(147, 'Charles Walters'),
	(148, 'Andy Tennant'),
	(149, 'Chris Columbus'),
	(150, 'Yimou Zhang'),
	(151, 'Ronald Emmerich'),
	(152, 'Steven Spielberg'),
	(153, 'Joel Coen'),
	(154, 'Frank Capra'),
	(155, 'Robert Longo'),
	(156, 'Joe Johnston'),
	(157, 'Matthew Vaughn'),
	(158, 'Damien Chazelle'),
	(159, 'Jim Henson'),
	(160, 'Luc Besson'),
	(161, 'Guy Ritchie'),
	(162, 'Paul McGuigan'),
	(163, 'George Miller'),
	(164, 'Phyllida Lloyd'),
	(165, 'Michael Gottlieb'),
	(166, 'Vincente Minnelli'),
	(167, 'Rob Marshall'),
	(168, 'Barry Sonnenfeld'),
	(169, 'George Cukor'),
	(170, 'Howard Zieff'),
	(171, 'Roger Michell'),
	(172, 'Fred Zinnemann'),
	(173, 'Richard Curtis'),
	(174, 'Adam McKay');

-- Dumping structure for table dvdcollection.dvd
CREATE TABLE IF NOT EXISTS `dvd` (
  `id` int unsigned NOT NULL AUTO_INCREMENT,
  `title` varchar(300) COLLATE utf8mb4_general_ci DEFAULT NULL,
  `description` varchar(1000) COLLATE utf8mb4_general_ci DEFAULT NULL,
  `run_time` int DEFAULT NULL,
  `run_time_mins` int DEFAULT NULL,
  `image` varchar(500) COLLATE utf8mb4_general_ci DEFAULT NULL,
  `year` year DEFAULT NULL,
  `director_id` int DEFAULT NULL,
  PRIMARY KEY (`id`)
) ENGINE=InnoDB AUTO_INCREMENT=250 DEFAULT CHARSET=utf8mb4 COLLATE=utf8mb4_general_ci;

-- Dumping data for table dvdcollection.dvd: ~230 rows (approximately)
INSERT INTO `dvd` (`id`, `title`, `description`, `run_time`, `run_time_mins`, `image`, `year`, `director_id`) VALUES
	(1, 'Splash', 'Allen Bauer (Tom Hanks), a successful yet single New York Businessman, is knocked unconscious during a boating accident.  His beautiful rescuer (Daryl Hannah) is the girl of his dreams.  There\'s only one slight complication - Allen\'s fallen hook, line and sinker for a mermaid.', 1, 51, 'https://i.postimg.cc/XND5s8pg/SPLASH.png', '1983', 40),
	(2, 'Big', 'A 12 year old boy trapped inside a thirty year old body.  At a carnival, young Josh Baskin (Hanks) wishes he was big - only to awake the next morning and discover he is! ', 1, 44, 'https://i.postimg.cc/3RRcKZ59/BIG.png', '1988', 89),
	(3, 'Total Recall', 'it\'s 2084 AD: and Douglas Quaid is haunted by reoccuring dreams about a journey to Mars.  A visit to a vaction parlour unlocks erased memories in Quaid\'s mind.', 1, 53, 'https://i.postimg.cc/4yMhnJr0/TOTAL-RECALL.png', '1990', 73),
	(4, 'Blade Runner', 'Rick Deckard prowls the steel and microchip jungle of 21st century Los Angele.  He\'s a "blade runner" stalking genetically made criminal replicants.  His aaignment: Kill them.  Their crime: wanting to be human', 1, 57, 'https://i.postimg.cc/PJvVDrqw/BLADE-RUNNER.png', '1982', 90),
	(5, 'Masters of the Universe', 'Planet Eternia and the Castle of Greyskull are under threat from the evil Skeletor, who wants to take over the planet.', 1, 46, 'https://i.postimg.cc/k4TS3Nwq/MASTERS-OF-THE-UNIVERSE.png', '1987', 91),
	(6, 'Three Men and a Baby', 'Three bachelor friends, architect Peter, artist Michael, and actor Jack, are sharing an apartment in Manhattan. After Jack goes filming in Turkey, Peter and Michael find his baby daughter, Mary, who he doesn\'t know about - left out on their doorstep. They are left to look after her and realize how difficult this can be. How would she change the lifestyle of these confirmed bachelors?', 1, 42, 'https://i.postimg.cc/VLsKqRHR/3-MEN-AND-A-BABY.png', '1987', 92),
	(7, 'Nine to Five', 'Three female employees of a sexist, egotistical, lying, hypocritical bigot find a way to turn the tables on him.', 1, 49, 'https://i.postimg.cc/4xmwM3GH/9-TO-5.png', '1980', 93),
	(8, '10 Things I hate about you', 'Modernization of Shakespeare\'s The Taming of the Shrew. On the first day at his new school, Cameron (Joseph Gordon-Levitt) instantly falls for Bianca (Larisa Oleynik), the gorgeous girl of his dreams. The only problem is that Bianca is forbidden to date...until her ill-tempered, completely un-datable older sister Kat (Julia Stiles) goes out, too. In an attempt to solve his problem, Cameron singles out the only guy who could possibly be a match for Kat: a mysterious bad boy (Heath Ledger) with a nasty reputation of his own!', 1, 37, 'https://i.postimg.cc/Wz8XRFtg/10-THINGS-I-HATE-ABOUT-YOU.png', '1999', 94),
	(9, '28 Days Later', 'Four weeks after a mysterious, incurable virus spreads throughout the UK, a handful of survivors try to find sanctuary.', 1, 53, 'https://i.postimg.cc/GpDKLSHc/28-DAYS-LATER.png', '2002', 45),
	(10, '28 Weeks Later', 'Almost six months after London was decimated by the unstoppable Rage Virus in 28 Days Later (2002), the U.S. Army has restored peace and repopulated the quarantined city. However, the deadly epidemic reawakens when an unsuspecting carrier of the highly transmittable pathogen enters the dead capital with the first wave of returning refugees. This time, the horrible virus is more dangerous than ever. Has the next nightmare begun?', 1, 40, 'https://i.postimg.cc/85VHjB6L/28-WEEKS-LATER.png', '2007', 95),
	(11, 'A Place in the Sun', 'based on a theatrical adaptation of Theodore Dreiser’s 1925 novel An American Tragedy, a searing look at dysfunctional relationships and blind ambition. The film was a popular and critical hit, winning six Academy Awards.  It tells the story of a working-class young man who is entangled with two women: one who works in his wealthy uncle\'s factory, and the other a beautiful socialite. ', 2, 2, 'https://i.postimg.cc/hPCppdkq/A-PLACE-IN-THE-SUN.png', '1951', 96),
	(12, 'About A Boy', 'About a Boy by Nick Hornby tells the story of Will, a 36-year-old man-child, and Marcus, a 12-year-old misfit. Their unlikely friendship teaches them valuable life lessons and challenges their perspectives on love, family, and what it means to be a man.', 1, 41, 'https://i.postimg.cc/CMsvntJ5/ABOUT-A-BOY.png', '2002', 97),
	(13, 'Ace Ventura Pet Detective', 'When the dolphin mascot of Miami\'s NFL team is abducted, Ace Ventura (Jim Carrey), a zany private investigator who specializes in finding missing animals, looks into the case. Soon Miami Dolphins players are kidnapped too, including star player Dan Marino (Dan Marino), making Ace\'s sleuth work even more pressing. Working with Dolphins representative Melissa Robinson (Courteney Cox), Ace closes in on the culprits, but not before many ridiculous misadventures.', 1, 26, 'https://i.postimg.cc/6Qhk6376/ACE-VENTURA-PET-DETECTIVE.png', '1994', 98),
	(14, 'Aladdin', 'the film follows the titular Aladdin, an Arabian street urchin who finds a magic lamp containing a genie. With the genie\'s help, Aladdin disguises as a wealthy prince and tries to impress the Sultan of Agrabah to win the heart of his free-spirited daughter, Princess Jasmine, as the Sultan\'s evil vizier, Jafar, plots to steal the magic lamp.', 1, 45, 'https://i.postimg.cc/28sR2gRY/ALADIN.png', '1992', 99),
	(15, 'An Affair to Remember', 'Nickie Ferrante, a well-known playboy, meets Terry McKay aboard the transatlantic ocean liner SS Constitution en route from Europe to New York. Each is romantically involved with someone else. After a series of meetings aboard the ship, they establish a friendship. When Terry joins Nickie on a brief visit to his grandmother Janou while the ship is anchored near her home at Villefranche-sur-Mer on the Mediterranean coast, she sees Nickie with new eyes and their feelings become deeper. During their visit, Janou tells Terry that Nickie is a talented painter but destroys most of his paintings because they don\'t meet his standards. As the ship returns to New York City, they agree to reunite at the top of the Empire State Building in six months\' time if they have succeeded in ending their relationships and starting new careers.', 1, 55, 'https://i.postimg.cc/zXbYw8Qp/AN-AFFAIR-TO-REMEMBER.png', '1957', 100),
	(16, 'An Officer and a Gentleman', 'It tells the story of Zack Mayo (Gere), a United States Navy Aviation Officer Candidate who is beginning his training at Aviation Officer Candidate School. While Zack meets his first true girlfriend during his training, a young "townie" named Paula (Winger), he also comes into conflict with the hard-driving Marine Corps Gunnery Sergeant Emil Foley (Gossett) training his class.', 2, 4, 'https://i.postimg.cc/hGgFqxt3/AN-OFFICER-AND-A-GENTLEMAN.png', '1982', 101),
	(17, 'Animal Attraction', 'Jane Goodale is a production assistant for a talk show that has recently become nationally syndicated. Her boss, host Diane Roberts is always pushing her staff to book ungettable guests, like Fidel Castro. Jane has a friendly but adversarial relationship with fellow producer, Eddie Alden, a shameless serial womanizer.', 1, 37, 'https://i.postimg.cc/mg7xqVBH/ANIMAL-ATTRACTION.png', '2001', 102),
	(18, 'Austin Powers', 'A world-class playboy and part-time secret agent from the 1960s emerges after thirty years in a cryogenic state to battle with his nemesis Dr. Evil.', 1, 34, 'https://i.postimg.cc/SsTH8v7w/AUSTIN-POWERS.png', '1997', 103),
	(19, 'Australia', 'This spectacular action adventure is set in the wilds of the Australian outback at the beginning of the 1940\'s.  English aristocrat Lady Ashley must save her newly inherited castle ranch from a dangerous rival businessman.  Forced to drive her stock north to safety, she enlists the help of the rugged Drover and a mysterious orphaned Aboriginal boy.  Together they embark on an emotional and dangerous journey accross breathtaking terrain where only the strongest can survive.', 2, 45, 'https://i.postimg.cc/kGwfHtRb/AUSTRALIA.png', '2008', 26),
	(20, 'Bad Boys', 'When $100 million of seized heroin is stolen from the Miami Police lock-up, Detectives Lowrey and Burnett, Miami\'s most mismatched cops are called upon to solve the case before the FBI close their department', 1, 59, 'https://i.postimg.cc/02FpyfvN/BAD-BOYS.png', '1995', 52),
	(21, 'Bad Boys 2', 'Narcotics detectives Lowrey and burnett have been assigned to a high-tech task force investigating the flow of designer ecstasy into Miami.  But Mike and Marcus\'s friendship and working relationship is threatened when Mike begins to develop feelings for Marcus\'s sister Syd.  Unless they seperate the personal from the professional they are in danger of blowing the case and endangering Syd\'s life in the process.', 2, 27, 'https://i.postimg.cc/sDvYzLt8/BAD-BOYS-2.png', '2003', 52),
	(22, 'Batman Begins', 'After witnessing his parents\' death, Bruce learns the art of fighting to confront injustice. When he returns to Gotham as Batman, he must stop a secret society that intends to destroy the city', 2, 20, 'https://i.postimg.cc/QMk5SZTB/BATMAN-BEGINS.png', '2005', 104),
	(23, 'Bedknobs and Broomsticks', 'An apprentice witch, three kids and a cynical magician conman search for the missing component to a magic spell to be used in the defense of Britain in World War II.', 1, 57, 'https://i.postimg.cc/fLzdrqc8/BEDKNOBS-AND-BROOMSTICKS.png', '1971', 105),
	(24, 'Beethoven', 'With nefarious dognappers hot on this heels, an adorable puppy named Beethoven adopts the unsuspecting Newton family and prompty grows up into 185 pounds of romping, drooling disater-prone St. Bernard!  Charles Grodin is George, the non-too-thrilled father whose disdain for the cuddly canine turns to loyalty after Beethoven becomes the target of unspeakable animal experimentation.  Now its up to George to save the day in this fetching adventure.  ', 1, 27, 'https://i.postimg.cc/Y2ywmhdh/BEETHOVEN.png', '1992', 106),
	(25, 'Beetlejuice', 'What\'s a yuppie ghost couple to do when their quaint New England home is overrun by trendy New Yorkers?  They hire a "bio-exorcist" to spook the intruders.  And everyone gets more than he, she or it bargained for!', 1, 32, 'https://i.postimg.cc/zfqQQrxs/BEETLEJUICE.png', '1988', 13),
	(26, 'Big Daddy', 'Thirty-two year old Sonny Koufax has spent his whole life avoiding responsibilty.  But when his girlfriend dumps him for an older man, he\'s got to find a way to prove he\'s ready to grow up.  In a desperate last ditch effort, Sonny adopts 5 year old Julian to impress her.  She\'s not impressed and he can\'t return the kid.  Uh-oh for Sonny!', 1, 33, 'https://i.postimg.cc/wj8ZhJLT/BIG-DADDY.png', '1999', 107),
	(27, 'The Pursuit of Happyness', 'Will Smith stars in this moving tale inspired by the true story about a struggling single father who dreams of a better life for his young son.  Finding themselves homeless, he risks everything by embarking on an unpaid internship in a highly competitive stockbrooker training program where only one in twenty interns make the grade.', 1, 57, 'https://i.postimg.cc/XJNbB9WZ/THE-PURSUIT-OF-HAPPINESS.png', '2006', 62),
	(28, 'Blade', 'A blood-chilling, action packed thriller about modern day vampires unlike any previously encountered.  Wesley Snipes is BLADE, the ultimate vampire hunter, an immortal warrior who possess the superhuman strength and cunning of a vampire but shares none of their weakness.  Blade must confront his ultimate adversary, the omnipotent vampire overlord Deacon Frost, who is intent on leading an underground legion of vampires to conquer mankind.', 2, 0, 'https://i.postimg.cc/26KX3BCY/BLADE.png', '1998', 108),
	(29, 'Blade 2', 'Blade forms an uneasy alliance with the vampire council in order to combat the Reapers, who are feeding on vampires.', 1, 57, 'https://i.postimg.cc/s1F64dB0/BLADE-2.png', '2002', 6),
	(30, 'Blood Diamond', 'An ex-mercenary turned smuggler.  A Mende fisherman.  Amid the explosive civil war overtaking Sierra Leone, these men join for two desperate missions: recovering a rare pink diamond of immense value and rescuing the fishermans son, conscripted as a child soldier into the brutal rebel forces ripping a swath of torture and bloodshed accross the alternately beautiful and ravaged countryside.', 2, 23, 'https://i.postimg.cc/43Ng9VRH/BLOOD-DIAMOND.png', '2006', 109),
	(31, 'Born to be Bad', 'In this gripping classic, Cary Grant stars as a dairy farmer whose kindness towards an unmarried women and her son results in betrayal.  Grant and his wife are unable to conceive a child of their own.  So when Grants truck accidentally hits Letty\'s son and Letty is declared an unfit mother, the couple gladly take the boy into their home to raise him as their own.  Determined to take advantage of Grant\'s riches, however, Letty tries to blackmail him.', 1, 2, 'https://i.postimg.cc/bvV7dry8/BORN-TO-BE-BAD.png', '1934', 110),
	(32, 'Brazil', 'Brazil is a surrealistic nightmare of a "perfect" future where technology reigns supreme.  Everyone is monitored by a secret government agency that forbids love to interfere with efficiency.', 2, 12, 'https://i.postimg.cc/Y0x95Q7M/BRAZIL.png', '1985', 75),
	(33, 'Breakfast at Tiffanys', 'George Peppard is the struggling and \'sponsored\' young writer who finds himself swept into Holly\'s dizzying, delightfully unstructured lifestyle as she determinedly scours Manhattan for a suitable millionaire to marry.', 1, 55, 'https://i.postimg.cc/V6qLtXdn/BREAKFAST-AT-TIFFANYS.png', '1961', 111),
	(34, 'Bridesmaids', 'Thirty-something Annie has hit a rough patch but finds her life turned completely upside down when she takes on the Maid of Honour role in her best friend Lillian\'s wedding.  In way over her head but determined to succeed, Annie leads a hilarious ensemble of bridesmaids on a wild road to the big event.', 2, 5, 'https://i.postimg.cc/gJf1q7LT/BRIDESMAIDS.png', '2011', 112),
	(35, 'Bridget Jones\'s Diary', 'The hit film from Helen Fielding\'s classic novel.  On New Years Day, hung over and still single, Bridget Jones - a 30-something London girl decides to get a grip on her life and start a diary.  Resolution number one: obviously, will lose 20 pounds.  Number two: will find a nice sensible boyfriend and not continue to form romantic attachments to alcoholics, workaholics, peeping-toms, megalomaniacs, emotional f**kwits or perverts.', 1, 37, 'https://i.postimg.cc/9M4v9209/BRIDGET-JONES-DIARY.png', '2001', 113),
	(36, 'Bridget Jones\'s Diary 2 - The Edge of Reason', 'Having finally found the perfect man in gorgeous lawyer Mark Darcy 30-something ex-singleton Bridget Jones is now faced with an even bigger challenge of keeping him.  When her self doubts return and her womanising ex-lover Daniel Cleaver reappears uninvited Bridget gets entangled in a comic mix of bad advice, miscommunications and total disaters that could only happen to her', 1, 48, 'https://i.postimg.cc/BbHkhCxQ/BRIDGET-JONES-DIARY-THE-EDGE-OF-REASON.png', '2004', 113),
	(37, 'Bugsy Malone', 'The classic gangster story of Bugsy Malone told with an all-child cast.', 1, 33, 'https://i.postimg.cc/XNCR7nTS/BUGSEY-MALONE.png', '1976', 114),
	(38, 'Butch Cassidy and the Sundance Kid', 'In 1890s Wyoming, Butch Cassidy and The Sundance Kid lead a band of outlaws. When a train robbery goes wrong, they find themselves on the run with a posse hard on their heels. After considering their options, they escape to South America.', 1, 50, 'https://i.postimg.cc/SRP5Nvkr/BUTCH-CASSIDY-AND-THE-SUNDANCE-KID.png', '1969', 115),
	(39, 'Carousel', 'This muscial tells the story of a fairground worker who dies before the birth of his daughter and is allowed to return to earth for one day to redeem himself.', 2, 8, 'https://i.postimg.cc/02L3TFt5/CAROUSEL.png', '1956', 116),
	(40, 'Casino Royale', 'After earning 00 status and a licence to kill, secret agent James Bond sets out on his first mission as 007. Bond must defeat a private banker funding terrorists in a high-stakes game of poker at Casino Royale, Montenegro.', 2, 24, 'https://i.postimg.cc/zXL6P8FP/CASINO-ROYALE-007.png', '2006', 117),
	(41, 'Central Intelligence', 'After he reconnects with an awkward pal from high school through Facebook, a mild-mannered accountant is lured into the world of international espionage.', 1, 47, 'https://i.postimg.cc/Qd1PhmPQ/CENTRAL-INTELLIGENCE.png', '2016', 118),
	(42, 'Chocolat', 'A French woman and her young daughter open up a chocolate shop in a small remote village that shakes up the rigid morality of the community.', 2, 1, 'https://i.postimg.cc/yddvgyfr/CHOCOLAT.png', '2000', 119),
	(43, 'Clueless', 'Shallow, rich and socially successful Cher is at the top of her Beverly Hills high school\'s pecking scale. Seeing herself as a matchmaker, Cher first coaxes two teachers into dating each other.', 1, 37, 'https://i.postimg.cc/W1GKS3wm/CLUELESS.png', '1995', 120),
	(44, 'Collateral', 'A cab driver finds himself the hostage of an engaging contract killer as he makes his rounds from hit to hit during one night in Los Angeles.', 2, 0, 'https://i.postimg.cc/tgDB4Mzx/COLLATERAL.png', '2004', 121),
	(45, 'Con Air', 'Newly-paroled ex-con and former U.S. Ranger Cameron Poe finds himself trapped in a prisoner-transport plane when the passengers seize control.', 1, 55, 'https://i.postimg.cc/MTFtyfNZ/CON-AIR.png', '1997', 122),
	(46, 'Cool Runnings', 'When a Jamaican sprinter is disqualified from the Olympic Games, he enlists the help of a dishonored coach to start the first Jamaican Bobsled Team.', 1, 38, 'https://i.postimg.cc/hGKCgBVn/COOL-RUNNINGS.png', '1993', 123),
	(47, 'Crocodile Dundee', 'An American reporter goes to the Australian outback to meet an eccentric crocodile poacher and invites him to New York City.', 1, 37, 'https://i.postimg.cc/fbsPLXn6/CROCODILE-DUNDEE.png', '1986', 124),
	(48, 'Days of Thunder', 'A young hot-shot stock car driver gets his chance to compete at the top level.', 1, 47, 'https://i.postimg.cc/BvdBbfKt/DAYS-OF-THUNDER.png', '1990', 72),
	(49, 'Demolition Man', 'A police officer is brought out of suspended animation in prison to pursue an old ultra-violent nemesis who is loose in a non-violent future society.', 1, 55, 'https://i.postimg.cc/YS4xtCjJ/DEMOLITION-MAN.png', '1993', 125),
	(50, 'Die Hard', 'A New York City police officer tries to save his estranged wife and several others taken hostage by terrorists during a Christmas party at the Nakatomi Plaza in Los Angeles.', 2, 12, 'https://i.postimg.cc/1XKGvgYN/DIE-HARD.png', '1988', 15),
	(51, 'Die Hard 2', 'John McClane attempts to avert disaster as rogue military operatives seize control of Dulles International Airport in Washington, D.C.', 2, 4, 'https://i.postimg.cc/3xfBMvrX/DIE-HARD-2.png', '1990', 126),
	(52, 'Die Hard 3', 'John McClane and a Harlem store owner are targeted by German terrorist Simon in New York City, where he plans to rob the Federal Reserve Building.', 2, 8, 'https://i.postimg.cc/mggw6w4Z/DIE-HARD-3-WITH-A-VENGANCE.png', '1995', 15),
	(53, 'Die Hard 4', 'John McClane and a young hacker join forces to take down master cyber-terrorist Thomas Gabriel in Washington D.C.', 2, 8, 'https://i.postimg.cc/x8QGGGg2/DIE-HARD-4.png', '2007', 127),
	(54, 'Divergent', 'In a world divided by factions based on virtues, Tris learns she\'s Divergent and won\'t fit in. When she discovers a plot to destroy Divergents, Tris and the mysterious Four must find out what makes Divergents dangerous before it\'s too late.', 2, 19, 'https://i.postimg.cc/Dw0rcwQ8/DIVERGENT.png', '2014', 128),
	(55, 'Divergent - Allegiant', 'After the earth-shattering revelations of Insurgent, Tris must escape with Four beyond the wall that encircles Chicago, to finally discover the shocking truth of the world around them.', 2, 0, 'https://i.postimg.cc/8kdmp3PP/DIVERGENT-ALLEGIANT.png', '2016', 129),
	(56, 'Divergent - Insurgent', 'Beatrice Prior must confront her inner demons and continue her fight against a powerful alliance which threatens to tear her society apart with the help from others on her side.', 1, 59, 'https://i.postimg.cc/G2GJsgFK/DIVERGENT-INSURGENT.png', '2015', 129),
	(57, 'Django Unchained', 'With the help of a German bounty-hunter, a freed slave sets out to rescue his wife from a brutal plantation owner in Mississippi.', 2, 45, 'https://i.postimg.cc/rwHSZ2gg/DJANGO.png', '2012', 17),
	(58, 'Down with Love', 'In 1962 New York City, love blossoms between a playboy journalist and a feminist advice author.', 1, 41, 'https://i.postimg.cc/15J06qqk/DOWN-WITH-LOVE.png', '2003', 47),
	(59, 'Dumb and Dumber', 'After a woman leaves a briefcase at the airport terminal, a dumb limo driver and his dumber friend set out on a hilarious cross-country road trip to Aspen to return it.', 1, 47, 'https://i.postimg.cc/PrtzP4Pb/DUMB-AND-DUMBER.png', '1994', 130),
	(60, 'Enough', 'After running away fails, a terrified woman empowers herself in order to battle her abusive husband.', 1, 55, 'https://i.postimg.cc/vmfDMJLQ/ENOUGH.png', '2002', 131),
	(61, 'Face Off', 'To foil a terrorist plot, FBI agent Sean Archer assumes the identity of the criminal Castor Troy who murdered his son through facial transplant surgery, but the crook wakes up prematurely and vows revenge.', 2, 18, 'https://i.postimg.cc/P5BNgXD3/FACE-OFF.png', '1997', 132),
	(62, 'Fame', 'A chronicle of the lives of several teenagers who attend a New York high school for students gifted in the performing arts.', 2, 14, 'https://i.postimg.cc/1tKtVDj2/FAME.png', '1980', 114),
	(63, 'Fear & Loathing in Las Vegas', 'An oddball journalist and his psychopathic lawyer travel to Las Vegas for a series of psychedelic escapades.', 1, 58, 'https://i.postimg.cc/nzxrL30q/FEAR-AND-LOATHING-IN-LAS-VEGAS.png', '1998', 75),
	(64, 'Field of Dreams', 'Iowa farmer Ray Kinsella is inspired by a voice he can\'t ignore to pursue a dream he can hardly believe. Supported by his wife, Ray begins the quest by turning his ordinary cornfield into a place where dreams can come true.', 1, 47, 'https://i.postimg.cc/J40ntDcY/FIELD-OF-DREAMS.png', '1989', 133),
	(65, 'Firewall', 'A security specialist is forced into robbing the bank that he\'s protecting, as a bid to pay off his family\'s ransom.', 1, 45, 'https://i.postimg.cc/4yLxBsZ1/FIREWALL.png', '2006', 134),
	(66, 'Flashdance', 'An 18-year-old female amateur dancer who performs nightly at a dancing bar, and works as a welder during the day, dreams of joining the Pittsburgh ballet school.', 1, 35, 'https://i.postimg.cc/y6vxVX9S/FLASHDANCE.png', '1983', 135),
	(67, 'Flight of the Navigator', 'In 1978, a boy travels eight years into the future and has an adventure with an intelligent, wisecracking alien ship.', 1, 30, 'https://i.postimg.cc/90Ffdr3M/FLIGHT-OF-THE-NAVIGATOR.png', '1986', 136),
	(68, 'Four Weddings and a Funeral', 'Over the course of five social occasions, a committed bachelor must consider the notion that he may have discovered love.', 1, 57, 'https://i.postimg.cc/vZ6ZLJKW/FOUR-WEDDINGS-AND-A-FUNERAL.png', '1994', 137),
	(69, 'Fried Green Tomatoes at the Whistle Stop Cafe', 'Evelyn, an ordinary housewife, visits a nursing home and befriends the old lady Ninny. Together, they bond over stories from the past about two intrepid women of Whistle Stop Cafe.', 2, 10, 'https://i.postimg.cc/fTPbdz8z/FRIED-GREEN-TOMATOES.png', '1991', 138),
	(70, 'Funny Face', 'An impromptu fashion shoot at a book store brings about a new fashion model discovery in the shop clerk.', 1, 43, 'https://i.postimg.cc/DzkyCCVR/FUNNY-FACE.png', '1957', 139),
	(71, 'Gavin & Stacey Season 1', 'Gavin and Stacey have been continuing their romance on-line and by telephone for the last six months. Now they want to be together but will their friends and family let them?', 2, 46, 'https://i.postimg.cc/1ztqpmFJ/GAVIN-STACEY-SERIES-1.png', '2007', 11),
	(72, 'Gavin & Stacey Seaon 2', 'Gavin & Stacey have returned from honeymoon and are welcomed back into the bosom of their family - but all is not well Smithy is miffed at "losing" his best friend, Pam has had too many vegetarian sausages and Nesa is about to drop a bombshell that will reverberate all the way from Barry Island to Billericay.', 3, 15, 'https://i.postimg.cc/Vk4trrJJ/GAVIN-STACEY-SERIES-2.png', '2008', 11),
	(73, 'Gavin & Stacey Season 3', 'Gavin & Stacey have moved to Wales.  Stacey couldnt be happier now shes back with her mum Gwen, her uncle Bryn and a daily diet of omelettes.  Gavin on the other hand is adjusting to life in Barry, and although he wont admit it, hes missing his parents Pam and Mick and of course his best friend Smithy.', 2, 52, 'https://i.postimg.cc/YSsmR5fk/GAVIN-STACEY-SERIES-3.png', '2009', 11),
	(74, 'Ghost', 'After a young man is murdered, his spirit stays behind to warn his lover of impending danger, with the help of a reluctant psychic.', 2, 7, 'https://i.postimg.cc/nhn7hYh8/GHOST.png', '1990', 140),
	(75, 'Ghostbusters', 'Three parapsychologists forced out of their university funding set up shop as a unique ghost removal service in New York City, attracting frightened yet skeptical customers.', 1, 45, 'https://i.postimg.cc/L5dgKjbb/GHOSTBUSTERS.png', '1984', 141),
	(76, 'Ghostbusters 2', 'The discovery of a massive river of ectoplasm and a resurgence of spectral activity allows the staff of Ghostbusters to revive the business.', 1, 48, 'https://i.postimg.cc/65X4MLR7/GHOSTBUSTERS-2.png', '1989', 141),
	(77, 'Girl Interupted', 'A directionless teenager, Susanna, is rushed to Claymoore, a mental institution, after a supposed suicide attempt. There, she befriends a group of troubled women who deeply influence her life.', 2, 7, 'https://i.postimg.cc/3Ng4KdMJ/GIRL-INTERUPTED.png', '1999', 142),
	(78, 'Green Zone', 'Discovering covert and faulty intelligence causes a U.S. Army officer to go rogue as he hunts for Weapons of Mass Destruction in an unstable region.', 1, 55, 'https://i.postimg.cc/v8967S1F/GREEN-ZONE.png', '2010', 143),
	(79, 'Gremlins', 'A young man inadvertently breaks three important rules concerning his new pet and unleashes a horde of malevolently mischievous monsters on a small town.', 1, 46, 'https://i.postimg.cc/90tM6KTD/GREMLINS.png', '1984', 144),
	(80, 'Groundhog Day', 'A narcissistic, self-centered weatherman finds himself in a time loop on Groundhog Day.', 1, 41, 'https://i.postimg.cc/MH8Hrqck/GROUNDHOG-DAY.png', '1993', 145),
	(81, 'Hancock', 'Hancock is a superhero whose ill-considered behavior regularly causes damage in the millions. He changes when the person he saves helps him improve his public image.', 1, 32, 'https://i.postimg.cc/MGNvVyqp/HANCOCK.png', '2008', 146),
	(82, 'High Society', 'With socialite Tracy Lord about to remarry, her ex-husband - with the help of a sympathetic reporter - has 48 hours to convince her that she really still loves him.', 1, 51, 'https://i.postimg.cc/CKzRRvy2/HIGH-SOCIETY.png', '1956', 147),
	(83, 'Hitch', 'A smooth-talking man falls for a hardened columnist while helping a shy accountant woo a beautiful heiress.', 1, 58, 'https://i.postimg.cc/c1Qrtgjd/HITCH.png', '2005', 148),
	(84, 'Home Alone', 'An eight-year-old troublemaker, mistakenly left home alone, must defend his home against a pair of burglars on Christmas Eve.', 1, 43, 'https://i.postimg.cc/7ZL6RBLL/HOME-ALONE.png', '1990', 149),
	(85, 'House of Flying Daggers', 'A romantic police captain breaks a beautiful member of a rebel group out of prison to help her rejoin her fellows, but things are not what they seem.', 1, 59, 'https://i.postimg.cc/xT58trn7/HOUSE-OF-FLYING-DAGGERS.png', '2004', 150),
	(86, 'How to Steal a Million', 'The daughter of an art forger teams up with a burglar to steal one of her father\'s forgeries and protect his secret.', 2, 3, 'https://i.postimg.cc/5NbjB9dL/HOW-TO-STEAL-A-MILLION.png', '1966', 25),
	(87, 'Independance Day', 'The aliens are coming and their goal is to invade and destroy Earth. Fighting superior technology, mankind\'s best weapon is the will to survive.', 2, 25, 'https://i.postimg.cc/MTRVTzgH/INDEPENDANCE-DAY.png', '1996', 151),
	(88, 'Indiana Jones - Raiders of the Lost Ark', 'In 1936, archaeologist and adventurer Indiana Jones is hired by the U.S. government to find the Ark of the Covenant before the Nazis can obtain its awesome powers.', 1, 55, 'https://i.postimg.cc/MGn1C7Dy/INDIANA-JONES-RAIDERS-OF-THE-LOST-ARK.png', '1981', 152),
	(89, 'Indiana Jones - The Last Crusade', 'In 1938, after his father goes missing while pursuing the Holy Grail, Indiana Jones finds himself up against the Nazis again to stop them from obtaining its powers.', 2, 7, 'https://i.postimg.cc/kg1xY1xJ/INDIANA-JONES-THE-LAST-CRUSADE.png', '1989', 152),
	(90, 'Indiana Jones - Temple of Doom', 'In 1935, Indiana Jones is tasked by Indian villagers with reclaiming a rock stolen from them by a secret cult beneath the catacombs of an ancient palace.', 1, 58, 'https://i.postimg.cc/LsGj2JCG/INDIANA-JONES-THE-TEMPLE-OF-DOOM.png', '1984', 152),
	(91, 'Inglourious Bastards', 'In Nazi-occupied France during World War II, a plan to assassinate Nazi leaders by a group of Jewish U.S. soldiers coincides with a theatre owner\'s vengeful plans for the same.', 2, 33, 'https://i.postimg.cc/6p3ZZrFD/INGLOURIOUS-BASTARDS.png', '2009', 17),
	(92, 'Intolerable Cruelty', 'Miles, a high-profile divorce lawyer, wins a case for his rich but adulterous client Rex Rexroth. But Rex\'s ex-wife, Marylin, who is no saint and is a gold-digger, plots to take revenge on Miles.', 1, 40, 'https://i.postimg.cc/ht5d1JBh/INTOLERABLE-CRUELTY.png', '2003', 153),
	(93, 'It\'s a Wonderful Life', 'An angel is sent from Heaven to help a desperately frustrated businessman by showing him what life would have been like if he had never existed.', 2, 10, 'https://i.postimg.cc/VN0bGYfg/ITS-A-WONDERFUL-LIFE.png', '1946', 154),
	(94, 'Jaws', 'When a killer shark unleashes chaos on a beach community off Cape Cod, it\'s up to a local sheriff, a marine biologist, and an old seafarer to hunt the beast down.', 2, 4, 'https://i.postimg.cc/c4TY69kR/JAWS.png', '1975', 152),
	(95, 'Johnny Mnemonic', 'A data courier, literally carrying a data package inside his head, must deliver it before he dies from the burden or is killed by the Yakuza.', 1, 43, 'https://i.postimg.cc/qM7qDkQK/JOHNNY-MNEMONIC.png', '1995', 155),
	(96, 'Jumanji', 'When two kids find and play a magical board game, they release a man trapped in it for decades - and a host of dangers that can only be stopped by finishing the game.', 1, 44, 'https://i.postimg.cc/9FNMvvNn/JUMANJI.png', '1995', 156),
	(97, 'Jurassic Park', 'A pragmatic paleontologist touring an almost complete theme park on an island in Central America is tasked with protecting a couple of kids after a power failure causes the park\'s cloned dinosaurs to run loose.', 2, 7, 'https://i.postimg.cc/2Ss55nYd/JURASSIC-PARK.png', '1993', 152),
	(98, 'Kill Bill', 'After awakening from a four-year coma, a former assassin wreaks vengeance on the team of assassins who betrayed her.', 1, 51, 'https://i.postimg.cc/gj308JKX/KILL-BILL.png', '2003', 17),
	(99, 'Kingsman', 'A spy organisation recruits a promising street kid into the agency\'s training program, while a global threat emerges from a twisted tech genius.', 2, 9, 'https://i.postimg.cc/V6x6JMXP/KINGSMAN.png', '2014', 157),
	(100, 'Kiss them for me', 'In 1944, three Navy pilots stationed in Hawaii and a P.R. officer go on a 4-day leave to San Francisco where they party with a good crowd in the executive suite of a busy hotel.', 1, 45, 'https://i.postimg.cc/nVmr6RtF/KISS-THEM-FOR-ME.png', '1957', 32),
	(101, 'La La Land', 'While navigating their careers in Los Angeles, a pianist and an actress fall in love while attempting to reconcile their aspirations for the future.', 2, 8, 'https://i.postimg.cc/dtm10h1g/LA-LA-LAND.png', '2016', 158),
	(102, 'Labyrinth', 'Sixteen-year-old Sarah must solve a labyrinth to rescue her baby brother when he is taken by the Goblin King.', 1, 41, 'https://i.postimg.cc/4xf3HXHy/LABYRINTH.png', '1986', 159),
	(103, 'Leon', '12-year-old Mathilda is reluctantly taken in by Léon, a professional assassin, after her family is murdered. An unusual relationship forms as she becomes his protégée and learns the assassin\'s trade.', 1, 50, 'https://i.postimg.cc/Njdj1ZR4/LEON.png', '1994', 160),
	(104, 'Lock Stock & Two Smoking Barrels', 'Eddy persuades his three pals to pool money for a vital poker game against a powerful local mobster, Hatchet Harry. Eddy loses, after which Harry gives him a week to pay back 500,000 pounds.', 1, 47, 'https://i.postimg.cc/rpzFggJL/LOCK-STOCK-TWO-SMOKING-BARRELS.png', '1998', 161),
	(105, 'Lucky Number Slevin', 'A case of mistaken identity lands Slevin into the middle of a war being plotted by two of the city\'s most rival crime bosses. Under constant surveillance by Detective Brikowski and assassin Goodkat, he must get them before they get him.', 1, 50, 'https://i.postimg.cc/ZKhnZ8Tr/LUCKY-NUMBER-SLEVIN.png', '2006', 162),
	(106, 'Mad Max', 'In a self-destructing world, a vengeful Australian policeman sets out to stop a violent motorcycle gang.', 1, 28, 'https://i.postimg.cc/bJfhnXWN/MAD-MAX.png', '1979', 163),
	(107, 'Mad Max 2 - The Road Warrior', 'In the post-apocalyptic Australian wasteland, a cynical drifter agrees to help a small, gasoline-rich community to get rid of a horde of bandits.', 1, 36, 'https://i.postimg.cc/5yxWPBfh/MAD-MAX-2-THE-ROAD-WARRIOR.png', '1981', 163),
	(108, 'Mad Max 3 - Beyond Thunderdome', 'After being exiled from the most advanced town in post apocalyptic Australia, a drifter travels with a group of abandoned children to rebel against the town\'s queen.', 1, 47, 'https://i.postimg.cc/4dvTbLRv/MAD-MAX-3-BEYOND-THUNDERDOME.png', '1985', 163),
	(109, 'Mamma Mia', 'The story of a bride-to-be trying to find her real father told using hit songs by the popular 1970s group ABBA.', 1, 48, 'https://i.postimg.cc/bYThZBTp/MAMMA-MIA.png', '2008', 164),
	(110, 'Mannequin', 'A young artist, searching for his vocation, makes a mannequin so perfect he falls in love with it. Finding the mannequin in a store window, he gets a job there and his creation comes to life.', 1, 30, 'https://i.postimg.cc/nLDxMVdP/MANNEQUIN.png', '1987', 165),
	(111, 'Me, Myself & Irene', 'A nice-guy cop with Dissociative Identity Disorder must protect a woman on the run from a corrupt ex-boyfriend and his associates.', 1, 56, 'https://i.postimg.cc/vHZdftq9/ME-MYSELF-IRENE.png', '2000', 130),
	(112, 'Meet me in St.Louis', 'Meet Me in St. Louis is a 1944 American Christmas musical film made by Metro-Goldwyn-Mayer. Divided into a series of seasonal vignettes, starting with Summer 1903, it relates the story of a year in the life of the Smith family in St. Louis leading up to the opening of the Louisiana Purchase Exposition (most commonly referred to as the World\'s Fair) in the spring of 1904.[4][5] The film stars Judy Garland, Margaret O\'Brien, Mary Astor, Lucille Bremer, Tom Drake, Leon Ames, Marjorie Main, June Lockhart and Joan Carroll.', 1, 53, 'https://i.postimg.cc/65bx04gP/MEET-ME-IN-ST-LOUIS.png', '1944', 166),
	(113, 'Meet the Fockers', 'All hell breaks loose when the Byrnes family meets the Focker family for the first time.', 1, 55, 'https://i.postimg.cc/pLgbNb2Y/MEET-THE-FOCKERS.png', '2004', 103),
	(114, 'Meet the Parents', 'Male nurse Greg Focker meets his girlfriend\'s parents before proposing, but her suspicious father is every date\'s worst nightmare.', 1, 48, 'https://i.postimg.cc/Tw6zwV5K/MEET-THE-PARENTS.png', '2000', 103),
	(115, 'Memoirs of a Geisha', 'The heartwarming tale of Nitta Sayuri, a young Japanese woman who transcended from her fishing-village roots and became one of Japan\'s most celebrated geisha.', 1, 25, 'https://i.postimg.cc/VkSQHLck/MEMOIRS-OF-A-GEISHA.png', '2005', 167),
	(116, 'Men in Black', 'James, an NYC cop, is hired by Agent K of a secret government agency that monitors extraterrestrial life on Earth. Together, they must recover an item that has been stolen by an intergalactic villain.', 1, 38, 'https://i.postimg.cc/90XsPcpV/MEN-IN-BLACK.png', '1997', 168),
	(117, 'Minority Report', 'John works with the PreCrime police which stop crimes before they take place, with the help of three \'PreCogs\' who can foresee crimes. Events ensue when John finds himself framed for a future murder.', 2, 25, 'https://i.postimg.cc/Wz9CXxWZ/MINORITY-REPORT.png', '2002', 152),
	(118, 'Mrs Doubtfire', 'After a bitter divorce, an actor disguises himself as a female housekeeper to spend time with his children held in custody by his former wife.', 2, 5, 'https://i.postimg.cc/9X16mqmf/MRS-DOUBTFIRE.png', '1993', 149),
	(119, 'Munich', 'After the Black September capture and massacre of Israeli athletes at the 1972 Olympics, five men are chosen to eliminate the people responsible for that fateful day.', 2, 44, 'https://i.postimg.cc/HsxfVsn9/MUNICH.png', '2005', 152),
	(120, 'My Fair Lady', 'In 1910s London, snobbish phonetics professor Henry Higgins agrees to a wager that he can make crude flower girl, Eliza Doolittle, presentable in high society.', 2, 50, 'https://i.postimg.cc/dtxgdPTP/MY-FAIR-LADY.png', '1964', 169),
	(121, 'My Girl', 'Vada is obsessed with death. Her mother is dead, and her father runs a funeral parlor. When Vada\'s father hires Shelly, a makeup expert, and begins to fall in love, Vada is outraged and does everything in her power to split them up.', 1, 42, 'https://i.postimg.cc/9MYvqDyJ/MY-GIRL.png', '1991', 170),
	(122, 'Notting Hill', 'A set of circumstances makes Anna Scott, a famous actress, fall in love with William Thacker, owner of a bookstore in Notting Hill. But the paparazzi\'s fascination with her complicates their bond.', 2, 4, 'https://i.postimg.cc/MpfNmPyc/NOTTING-HILL.png', '1999', 171),
	(123, 'Now you see me', 'An FBI agent and an Interpol detective track a team of illusionists who pull off bank heists during their performances, and reward their audiences with the money.', 1, 55, 'https://i.postimg.cc/FKtqWyZT/NOW-YOU-SEE-ME.png', '2013', 1),
	(124, 'Oceans Eleven', 'Danny Ocean and his ten accomplices plan to rob three Las Vegas casinos simultaneously.', 1, 56, 'https://i.postimg.cc/6pR96J9c/OCEANS-ELVEN.png', '2001', 2),
	(125, 'Oceans Thirteen', 'Danny Ocean rounds up the boys for a third heist after casino owner Willy Bank double-crosses one of the original eleven, Reuben Tishkoff.', 2, 2, 'https://i.postimg.cc/gjJzGxJL/OCEANS-THIRTEEN.png', '2007', 2),
	(126, 'Oceans Twelve', 'Daniel Ocean recruits one more team member so he can pull off three major European heists in this sequel to Ocean\'s Eleven (2001).', 2, 5, 'https://i.postimg.cc/281kJLMP/OCEANS-TWELVE.png', '2004', 2),
	(127, 'Oklahoma!', 'In Oklahoma, several farmers, cowboys and a traveling salesman compete for the romantic favors of various local ladies.', 2, 25, 'https://i.postimg.cc/QCyXCj94/OKLAHOMA.png', '1955', 172),
	(128, 'Once upon a time in Mexico', 'Hitman "El Mariachi" becomes involved in international espionage involving a psychotic CIA agent and a corrupt Mexican general.', 1, 42, 'https://i.postimg.cc/ZY7YVx78/ONCE-UPON-A-TIME-IN-MEXICO.png', '2003', 3),
	(129, 'Only You', 'As a teen, Faith was told that her destiny is a man named Damon Bradley. Years later - Faith is about to marry another man - a Damon Bradley calls to wish them all the best. Faith blows off the wedding and follows Damon to Italy.', 1, 49, 'https://i.postimg.cc/MGSzvPHS/ONLY-YOU.png', '1994', 4),
	(130, 'Overboard', 'A cruel but beautiful heiress mocks and cheats a hired carpenter. When she gets amnesia after an accident, he decides to introduce her to regular life by convincing her that they\'re husband and wife.', 1, 53, 'https://i.postimg.cc/MKg68K8X/OVERBOARD.png', '1987', 5),
	(131, 'Pans Labyrinth', 'In the Falangist Spain of 1944, the bookish young stepdaughter of a sadistic army officer escapes into an eerie but captivating fantasy world.', 1, 58, 'https://i.postimg.cc/NFScYbSZ/PANS-LABYRINTH.png', '2006', 6),
	(132, 'Paris when it sizzles', 'The sprightly young assistant of a Hollywood screenwriter helps him over his writer\'s block by acting out his fantasies of possible plots.', 1, 50, 'https://i.postimg.cc/tJYjL8Sh/PARIS-WHEN-IT-SIZZLES.png', '1964', 7),
	(133, 'People will talk', 'Dr. Noah Praetorius falls in love with Deborah, a student who discovers that she is pregnant by her old boyfriend.', 1, 50, 'https://i.postimg.cc/9MXVBDyg/PEOPLE-WILL-TALK.png', '1951', 8),
	(134, 'Petes Dragon', 'An orphan boy and his magical dragon come to town with his abusive adoptive parents in pursuit.', 2, 8, 'https://i.postimg.cc/654KzJGK/PETES-DRAGON.png', '1997', 9),
	(135, 'Pillow Talk', 'An interior decorator and a playboy songwriter share a telephone party line and size each other up.', 1, 42, 'https://i.postimg.cc/nVPZvcrT/PILLOW-TALK.png', '1959', 10),
	(136, 'Pitch Perfect 3', 'Following their win at the world championship, the now separated Bellas reunite for one last singing competition at an overseas USO tour, but face a group who uses both instruments and voices.', 1, 33, 'https://i.postimg.cc/NMNtCQ4s/PITCH-PERFECT-3.png', '2017', 11),
	(137, 'Pitch Perfect', 'Beca, a freshman at Barden University, is cajoled into joining The Bellas, her school\'s all-girls singing group. Injecting some much needed energy into their repertoire, The Bellas take on their male rivals in a campus competition.', 1, 52, 'https://i.postimg.cc/y8FH4mPr/PITCH-PERFECT.png', '2012', 12),
	(138, 'Planet of the Apes', 'In 2029, an Air Force astronaut crash-lands on a mysterious planet where evolved, talking apes dominate a race of primitive humans.', 2, 0, 'https://i.postimg.cc/Gpd1c4g3/PLANET-OF-THE-APES.png', '2001', 13),
	(139, 'Point Break', 'An F.B.I. Agent goes undercover to catch a gang of surfers who may be bank robbers.', 2, 2, 'https://i.postimg.cc/xd5Vq9Bv/POINT-BREAK.png', '1991', 14),
	(140, 'Predator', 'A team of commandos on a mission in a Central American jungle find themselves hunted by an extraterrestrial warrior.', 1, 47, 'https://i.postimg.cc/vBSRL3YD/PREDATOR.png', '1987', 15),
	(141, 'Predator 2', 'The Predator returns to Earth, this time to stake a claim on the war-torn streets of a dystopian Los Angeles.', 1, 48, 'https://i.postimg.cc/bJvctKjK/PREDATOR-2.png', '1990', 16),
	(142, 'Pretty Woman', 'A man in a legal but hurtful business needs an escort for some social events, and hires a beautiful prostitute he meets... only to fall in love.', 1, 59, 'https://i.postimg.cc/Zn9GfpnH/PRETTY-WOMAN.png', '1990', 5),
	(143, 'Pulp Fiction', 'The lives of two mob hitmen, a boxer, a gangster and his wife, and a pair of diner bandits intertwine in four tales of violence and redemption.', 2, 34, 'https://i.postimg.cc/wjKpGfhm/PULP-FICTION.png', '1994', 17),
	(144, 'Quantum of Solace', 'James Bond descends into mystery as he tries to stop a mysterious organisation from eliminating a country\'s most valuable resource.', 1, 46, 'https://i.postimg.cc/c4yzZJc5/QUANTUM-OF-SOLACE-007.png', '2008', 18),
	(145, 'Rain Man', 'After a selfish L.A. yuppie learns his estranged father left a fortune to an autistic-savant brother in Ohio that he didn\'t know existed, he absconds with his brother and sets out across the country, hoping to gain a larger inheritance.', 2, 13, 'https://i.postimg.cc/q7bYdXm8/RAIN-MAN.png', '1988', 19),
	(146, 'Rambo', 'In Thailand, John Rambo joins a group of mercenaries to venture into war-torn Burma, and rescue a group of Christian aid workers who were kidnapped by the ruthless local infantry unit.', 1, 32, 'https://i.postimg.cc/gjRB89GD/RAMBO.png', '2008', 20),
	(147, 'Resident Evil', 'A special military unit fights a powerful, out-of-control supercomputer and hundreds of scientists who have mutated into flesh-eating creatures after a laboratory accident', 1, 40, 'https://i.postimg.cc/yd2bD6Cx/RESIDENT-EVIL.png', '2002', 21),
	(148, 'Resient Evil Extinction', 'Survivors of the Raccoon City catastrophe travel across the Nevada desert, hoping to make it to Alaska. Alice joins the caravan and their fight against the evil Umbrella Corp.', 1, 34, 'https://i.postimg.cc/RFWYC682/RESIDENT-EVIL-EXTINCTION.png', '2007', 22),
	(149, 'Robin Hood Men In Tights', 'A spoof of Robin Hood in general, and Robin Hood: Prince of Thieves (1991) in particular.', 1, 44, 'https://i.postimg.cc/y6SGwR0Z/ROBIN-HOOD-MEN-IN-TIGHTS.png', '1993', 23),
	(150, 'Robin Hood Prince of Thieves', 'Robin Hood decides to fight back as an outlaw when faced with the tyranny of the Sheriff of Nottingham.', 2, 23, 'https://i.postimg.cc/LXgyFdgp/ROBIN-HOOD-PRINCE-OF-THIEVES.png', '1991', 24),
	(151, 'Rocky Balboa', 'Thirty years after the ring of the first bell, Rocky Balboa comes out of retirement and dons his gloves for his final fight against the reigning heavyweight champ Mason \'The Line\' Dixon.', 1, 42, 'https://i.postimg.cc/xd4sZjC5/ROCKY-BALBOA.png', '2006', 20),
	(152, 'Roman Holiday', 'A bored and sheltered princess escapes her guardians and falls in love with an American newsman in Rome.', 1, 58, 'https://i.postimg.cc/yYmbNzQ6/ROMAN-HOLIDAY.png', '1953', 25),
	(153, 'Romeo and Juliet', 'Shakespeare\'s famous play is updated to the hip modern suburb of Verona still retaining its original dialogue.', 2, 0, 'https://i.postimg.cc/MpzrMrN7/ROMEO-AND-JULIET.png', '1996', 26),
	(154, 'Runnaway Bride', 'A reporter is assigned to write a story about a woman who has left a string of fiancés at the altar.', 1, 56, 'https://i.postimg.cc/g24tvHbf/RUNNAWAY-BRIDE.png', '1999', 5),
	(155, 'Rush Hour 2', 'Carter and Lee head to Hong Kong for a vacation, but become embroiled in a counterfeit money scam.', 1, 30, 'https://i.postimg.cc/8C5Kwf1s/RUSH-HOUR-2.png', '2001', 27),
	(156, 'S.W.A.T', 'An imprisoned drug kingpin offers a huge cash reward to anyone that can break him out of police custody, and only the L.A.P.D.\'s Special Weapons and Tactics team can prevent it.', 1, 57, 'https://i.postimg.cc/V63zzc7B/S-W-A-T.png', '2003', 28),
	(157, 'Say Anything', 'A noble underachiever and a beautiful valedictorian fall in love the summer before she goes off to college.', 1, 40, 'https://i.postimg.cc/66v9Yy3H/SAY-ANYTHING.png', '1989', 29),
	(158, 'Scarface', 'In 1980 Miami, a determined Cuban immigrant takes over a drug cartel and succumbs to greed.', 2, 50, 'https://i.postimg.cc/6379sQhp/SCARFACE.png', '1983', 30),
	(159, 'Sex and the City The Movie', 'A New York City writer on sex and love is finally getting married to her Mr. Big. But her three best girlfriends must console her after one of them inadvertently leads Mr. Big to jilt her.', 2, 55, 'https://i.postimg.cc/8PgT3NfT/SEX-AND-THE-CITY-THE-MOVIE.png', '2008', 31),
	(160, 'Shaun of the Dead', 'The uneventful, aimless lives of a London electronics salesman and his layabout roommate are disrupted by the zombie apocalypse.', 1, 39, 'https://i.postimg.cc/tCd9GwFW/SHAUN-OF-THE-DEAD.png', '2004', 33),
	(161, 'Singing in the rain', 'A silent film star falls for a chorus girl just as he and his delusionally jealous screen partner are trying to make the difficult transition to talking pictures in 1920s Hollywood.', 1, 43, 'https://i.postimg.cc/qqy4RZSf/SINGING-IN-THE-RAIN.png', '1952', 32),
	(162, 'Sister Act', 'When a nightclub singer is forced to take refuge from the mob in a convent, she ends up turning the convent choir into a soulful chorus complete with a Motown repertoire, until the sudden celebrity of the choir jeopardizes her identity.', 1, 40, 'https://i.postimg.cc/TwWX74Ry/SISTER-ACT.png', '1992', 34),
	(163, 'Skyfall', 'James Bond\'s loyalty to M is tested when her past comes back to haunt her. When MI6 comes under attack, 007 must track down and destroy the threat, no matter how personal the cost.', 2, 23, 'https://i.postimg.cc/CK2g4gVT/SKYFALL-007.png', '2012', 35),
	(164, 'Sleeping with the Enemy', 'A young woman fakes her own death in an attempt to escape her nightmarish marriage, but discovers it is impossible to elude her controlling husband.', 1, 39, 'https://i.postimg.cc/k5GC85zv/SLEEPING-WITH-THE-ENEMY.png', '1991', 36),
	(165, 'Sleepless in Seattle', 'A recently widowed man\'s son calls a radio talk-show in an attempt to find his father a partner.', 1, 45, 'https://i.postimg.cc/P52hPD3q/SLEEPLESS-IN-SEATTLE.png', '1993', 37),
	(166, 'Sliding Doors', 'After personal and professional setbacks, a woman experiences an alternate reality', 1, 39, 'https://i.postimg.cc/mZCs7JXJ/SLIDING-DOORS.png', '1998', 38),
	(167, 'South Pacific', 'On a South Pacific island during World War II, love blooms between a young nurse and a secretive Frenchman who\'s being courted for a dangerous military mission.', 2, 37, 'https://i.postimg.cc/hvLRgQQc/SOUTH-PACIFIC.png', '1958', 39),
	(168, 'Stand by Me', 'A writer recounts a childhood journey with his friends to find the body of a missing boy.', 1, 29, 'https://i.postimg.cc/YqxBsgwx/STAND-BY-ME.png', '1986', 41),
	(169, 'Star Trek into Darkness', 'After the crew of the Enterprise find an unstoppable force of terror from within their own organization, Captain Kirk leads a manhunt to a war-zone world to capture a one-man weapon of mass destruction.', 2, 12, 'https://i.postimg.cc/t4CGQTqG/STAR-TREK-INTO-DARKENESS.png', '2013', 42),
	(170, 'Swordfish', 'A covert counter-terrorist unit called Black Cell led by Gabriel Shear wants the money to help finance their war against international terrorism, but it\'s all locked away. Gabriel brings in convicted hacker Stanley Jobson to help him.', 1, 39, 'https://i.postimg.cc/NjJqgcF9/SWORDFISH.png', '2001', 43),
	(171, 'Teenage Mutant Ninja Turles 2', 'The Turtles discover their origins while they endeavour to save New York City from the evil Shredder and his Foot Clan.', 1, 28, 'https://i.postimg.cc/KvrhHWMV/TEENAGE-MUTANT-NINJA-TURTLES-2.png', '1991', 44),
	(172, 'The Beach', 'On vacation in Thailand, Richard sets out for an island rumored to be a solitary beach paradise.', 1, 59, 'https://i.postimg.cc/TPszbMzy/THE-BEACH.png', '2000', 45),
	(173, 'The Bodyguard', 'A former Secret Service agent takes on the job of bodyguard to an R&B singer, whose lifestyle is most unlike a President\'s.', 2, 9, 'https://i.postimg.cc/7LbvbYW8/THE-BODYGUARD.png', '1992', 46),
	(174, 'The Break-up', 'A couple\'s break-up proceeds to get uglier and nastier by the moment as each tries to keep their luxurious condo from the other.', 1, 46, 'https://i.postimg.cc/T3tMRWQJ/THE-BREAK-UP.png', '2006', 47),
	(175, 'The Fugitive', 'Dr. Richard Kimble, unjustly accused of murdering his wife, must find the real killer while being the target of a nationwide manhunt led by a seasoned U.S. Marshal.', 2, 10, 'https://i.postimg.cc/L89FKVks/THE-FUGITIVE.png', '1993', 48),
	(176, 'The Good, The Bad and The Ugly', 'A bounty hunting scam joins two men in an uneasy alliance against a third in a race to find a fortune in gold buried in a remote cemetery.', 2, 28, 'https://i.postimg.cc/PJs06brT/THE-GOOD-THE-BAD-AND-THE-UGLY.png', '1966', 49),
	(177, 'The Holiday', 'Two women troubled with guy-problems swap homes in each other\'s countries, where they each meet a local guy and fall in love.', 2, 16, 'https://i.postimg.cc/3NXVzydp/THE-HOLIDAY.png', '2006', 50),
	(178, 'The Hunger Games', 'Katniss Everdeen voluntarily takes her younger sister\'s place in the Hunger Games: a televised competition in which two teenagers from each of the twelve Districts of Panem are chosen at random to fight to the death.', 1, 22, 'https://i.postimg.cc/SN4wCGvG/THE-HUNGER-GAMES-MOCKINGJAY-PART-1.png', '2012', 51),
	(179, 'The Island', 'A man living in a futuristic sterile colony begins to question his circumscribed existence when his friend is chosen to go to the Island, the last uncontaminated place on earth.', 2, 16, 'https://i.postimg.cc/dQrbhf41/THE-ISLAND.png', '2005', 52),
	(180, 'The Jungle Book 2', 'Mowgli, missing the jungle and his old friends, runs away from the man village unaware of the danger he\'s in by going back to the wild', 1, 12, 'https://i.postimg.cc/Gp4Ndg4b/THE-JUNGLE-BOOK-2.png', '2003', 53),
	(181, 'The Last King of Scotland', 'Based on the events of the brutal Ugandan dictator Idi Amin\'s regime as seen by his personal physician during the 1970s.', 2, 3, 'https://i.postimg.cc/5tDr05zL/THE-LAST-KING-OF-SCOTLAND.png', '2006', 54),
	(182, 'The Magnificent Seven', 'Seven gunfighters are hired by Mexican peasants to liberate their village from oppressive bandits.', 2, 8, 'https://i.postimg.cc/sg6qFCDn/THE-MAGNIFICENT-SEVEN.png', '1960', 55),
	(183, 'The Mask of Zorro', 'A young thief seeking revenge for his brother\'s death is trained by the once-great, aging Zorro, who is pursuing his own vengeance.', 2, 16, 'https://i.postimg.cc/4xNqFxZ7/THE-MASK-OF-ZORRO.png', '1998', 56),
	(184, 'The Matrix', 'When a beautiful stranger leads computer hacker Neo to a forbidding underworld, he discovers the shocking truth--the life he knows is the elaborate deception of an evil cyber-intelligence.', 2, 16, 'https://i.postimg.cc/Vv8H9YDN/THE-MATRIX.png', '1999', 57),
	(185, 'The Matrix 2 - Reloaded', 'Freedom fighters Neo, Trinity and Morpheus continue to lead the revolt against the Machine Army, unleashing their arsenal of extraordinary skills and weaponry against the systematic forces of repression and exploitation.', 2, 18, 'https://i.postimg.cc/zDCQzgGH/THE-MATRIX-RELOADED.png', '2003', 57),
	(186, 'The Matrix 3 - Revolutions', 'The human city of Zion defends itself against the massive invasion of the machines as Neo fights to end the war at another front while also opposing the rogue Agent Smith.', 2, 9, 'https://i.postimg.cc/j243ZGF4/THE-MATRIX-REVOLUTIONS.png', '2003', 57),
	(187, 'The Moaning of Life', 'Now he\'s turned 40 and has officially hit middle age, it\'s time for Karl to reassess his life.  In this funny and entertaining series, Karl embarks on a trip around the globe to find out how other cultures approach marriage, kids, finding happiness, discovering your vocation and dealing with death, while imparting his own words of wisdom about life along the way.', 3, 30, 'https://i.postimg.cc/XJFzyZKh/THE-MOANING-OF-LIFE.png', '2013', 11),
	(188, 'An Idiot Abroad', 'In this hilarious hit series Ricky Gervais and Stephen Merchant send their friend Karl Pilkington around the world....against his will.  Karl thinks he is visiting the Seven Wonders but along the way the \'Little Englander\' must endure camel rides, jungle treks, tribal customs and local oddballs while dining on toads and testicles and searching for a decent lavatory.  How does a man that prefers a caravan holiday in Wales cope with being an idiot abroad?', 5, 30, 'https://i.postimg.cc/D0DkVMSq/AN-IDIOT-ABROAD.png', '2010', 11),
	(189, 'The Mummy', 'At an archaeological dig in the ancient city of Hamunaptra, an American serving in the French Foreign Legion accidentally awakens a mummy who begins to wreak havoc as he searches for the reincarnation of his long-lost love.', 2, 4, 'https://i.postimg.cc/t4MSSd2w/THE-MUMMY.png', '1999', 58),
	(190, 'The NeverEnding Story', 'A troubled boy dives into a wondrous fantasy world through the pages of a mysterious book.', 1, 42, 'https://i.postimg.cc/NfbPTvTg/THE-NEVERENDING-STORY.png', '1984', 59),
	(191, 'The Phantom of the Opera', 'A young soprano becomes the obsession of a disfigured and murderous musical genius who lives beneath the Paris Opéra House.', 2, 23, 'https://i.postimg.cc/Gm2gxgJv/THE-PHANTOM-OF-THE-OPERA.png', '2004', 60),
	(192, 'The Proposal', 'A pushy boss forces her young assistant to marry her in order to keep her visa status in the U.S. and avoid deportation to Canada.', 1, 48, 'https://i.postimg.cc/L6mbn8JC/THE-PROPOSAL.png', '2009', 61),
	(193, 'The Rock', 'A mild-mannered chemist and an ex-con must lead the counterstrike when a rogue group of military men, led by a renegade general, threaten a nerve gas attack from Alcatraz against San Francisco.', 2, 16, 'https://i.postimg.cc/MTy9pCqJ/THE-ROCK.png', '1996', 52),
	(194, 'The Sound of Music', 'A young novice is sent by her convent in 1930s Austria to become a governess to the seven children of a widowed naval officer.', 2, 52, 'https://i.postimg.cc/1txWPmxK/THE-SOUND-OF-MUSIC.png', '1965', 63),
	(195, 'The Terminator', 'A human soldier is sent from 2029 to 1984 to stop an almost indestructible cyborg killing machine, sent from the same year, which has been programmed to execute a young woman whose unborn son is the key to humanity\'s future salvation.', 1, 47, 'https://i.postimg.cc/bvS6KG5J/THE-TERMINATOR.png', '1984', 64),
	(196, 'The Thomas Crown Affair', 'A very rich and successful playboy amuses himself by stealing artwork, but may have met his match in a seductive detective.', 1, 53, 'https://i.postimg.cc/mZydfWmQ/THE-THOMAS-CROWN-AFFAIR.png', '1999', 15),
	(197, 'The Three Musketeers', 'A young swordsman comes to Paris and faces villains, romance, adventure and intrigue with three Musketeer friends.', 1, 46, 'https://i.postimg.cc/BQZmJ7zR/THE-THREE-MUSKETEERS.png', '1973', 65),
	(198, 'The Transporter', 'Frank Martin, who "transports" packages for unknown clients, is asked to move a package that soon begins moving, and complications arise.', 1, 32, 'https://i.postimg.cc/J4TP0cV0/THE-TRANSPORTER.png', '2002', 1),
	(199, 'The Ugly Truth', 'An uptight television producer takes control of a morning show segment on modern relationships hosted by a misogynistic man.', 1, 36, 'https://i.postimg.cc/Hnz3QbrS/THE-UGLY-TRUTH.png', '2009', 66),
	(200, 'The Wind in the Willows', 'Toad, Rat, Mole, and Badger follow animal etiquette in this version of Kenneth Grahame\'s classic, in stop-motion model animation.', 1, 19, 'https://i.postimg.cc/Sx3d7SKp/THE-WIND-IN-THE-WILLOWS.png', '1983', 67),
	(201, 'The Witches', 'A young boy stumbles onto a witch convention and must stop them, even after he has been turned into a mouse.', 1, 31, 'https://i.postimg.cc/zB1k6xWt/THE-WITCHES.png', '1990', 68),
	(202, 'The Wizard of Oz', 'Young Dorothy Gale and her dog Toto are swept away by a tornado from their Kansas farm to the magical Land of Oz, and embark on a quest with three new friends to see the Wizard, who can return her to her home and fulfill the others\' wishes.', 1, 42, 'https://i.postimg.cc/xdmR6wkN/THE-WIZARD-OF-OZ.png', '1939', 69),
	(203, 'Til there was you', 'Two strangers, whose paths are always crossing, finally meet when fate steps in.', 1, 53, 'https://i.postimg.cc/7ZfX2GwV/TIL-THERE-WAS-YOU.png', '1997', 70),
	(204, 'To catch a thief', 'A retired jewel thief sets out to prove his innocence after being suspected of returning to his former occupation.', 1, 46, 'https://i.postimg.cc/15P7d3P0/TO-CATCH-A-THEIF.png', '1955', 71),
	(205, 'Top Gun', 'As students at the United States Navy\'s elite fighter weapons school compete to be best in the class, one daring young pilot learns a few things from a civilian instructor that are not taught in the classroom.', 1, 49, 'https://i.postimg.cc/RVRpxxVk/TOP-GUN.png', '1986', 72),
	(206, 'The Transporter 2', 'Transporter Frank Martin, surfaces in Miami, Florida and is implicated in the kidnapping of the young son of a powerful USA official.', 1, 27, 'https://i.postimg.cc/Pf1FKwGr/TRANSPORTER-2.png', '2005', 1),
	(207, 'The Transporter 3', 'Frank Martin is forced to deliver Valentina, the kidnapped daughter of a Ukrainian government official, from Marseilles to Odessa on the Black Sea. En route, he has to contend with thugs who want to intercept Valentina\'s safe delivery.', 1, 44, 'https://i.postimg.cc/P5V6NbDK/TRANSPORTER-3.png', '2008', 74),
	(208, 'Twelve Monkeys', 'In a future world devastated by disease, a convict is sent back in time to gather information about the man-made virus that wiped out most of the human population on the planet.', 2, 9, 'https://i.postimg.cc/PqB2Qt2w/TWELVE-MONKEYS.png', '1995', 75),
	(209, 'Uncle Buck', 'Laid back commitment-phobe Buck babysits his brother\'s rebellious teenage daughter and her cute younger brother and sister.', 1, 40, 'https://i.postimg.cc/0QDZtLBH/UNCLE-BUCK.png', '1989', 76),
	(210, 'Under the Tuscan Sun', 'Frances Mayes, a 35-year-old San Francisco writer, gets a divorce that leaves her with terminal writer\'s block and depression. Later, she decides to buy a house in Tuscany in order to change her life.', 1, 53, 'https://i.postimg.cc/SKXg9X74/UNDER-A-TUSCAN-SUN.png', '2003', 77),
	(211, 'V for Vendetta', 'In a future British dystopian society, a shadowy freedom fighter, known only by the alias of "V", plots to overthrow the tyrannical government - with the help of a young woman.', 2, 12, 'https://i.postimg.cc/NFQ8dLT5/V-FOR-VENDETTA.png', '2005', 78),
	(212, 'Wanted', 'A frustrated office worker discovers that he is the son of a professional assassin, and that he shares his father\'s superhuman killing abilities.', 1, 50, 'https://i.postimg.cc/zvpC65Sp/WANTED.png', '2008', 79),
	(213, 'West Side Story', 'Two youngsters from rival New York City gangs fall in love, but tensions between their respective friends build toward tragedy.', 2, 33, 'https://i.postimg.cc/Hxw40brq/WEST-SIDE-STORY.png', '1961', 80),
	(214, 'What women want', 'A cocky, chauvinistic advertising executive magically acquires the ability to hear what women are thinking.', 2, 4, 'https://i.postimg.cc/W3LwJ51m/WHAT-WOMEN-WANT.png', '2000', 50),
	(215, 'When Harry met Sally', 'Harry and Sally have known each other for years, and are very good friends, but they fear sex would ruin the friendship.', 1, 35, 'https://i.postimg.cc/d1YG0D54/WHEN-HARRY-MET-SALLY.png', '1989', 41),
	(216, 'White men can\'t jump', 'Black and white basketball hustlers join forces to double their chances of winning money on the street courts and in a basketball tournament.', 1, 55, 'https://i.postimg.cc/g0Rvd3Hx/WHITE-MEN-CANT-JUMP.png', '1992', 81),
	(217, 'Who framed Roger Rabbit', 'When a cartoon rabbit is accused of murder, he enlists the help of a burnt out private investigator to prove his innocence.', 1, 44, 'https://i.postimg.cc/fLfmSZFZ/WHO-FRAMED-ROGER-RABIT.png', '1988', 82),
	(218, 'Willy Wonka and the Chocolate Factory', 'A poor but hopeful boy seeks one of the five coveted golden tickets that will send him on a tour of Willy Wonka\'s mysterious chocolate factory.', 1, 40, 'https://i.postimg.cc/8zxhqZM8/WILLY-WONKA-THE-CHOCOLATE-FACTORY.png', '1971', 83),
	(219, 'Working Girl', 'When a secretary\'s idea is stolen by her boss, she seizes an opportunity to steal it back by pretending she has her boss\' job.', 1, 53, 'https://i.postimg.cc/pL5jYK7s/WORKING-GIRL.png', '1988', 84),
	(220, 'Wuthering Heights', 'A man becomes obsessed with vengeance when his soul mate marries another man.', 1, 45, 'https://i.postimg.cc/0Ngwtb1P/WUTHERING-HEIGHTS.png', '1992', 85),
	(221, 'You\'ve got mail', 'Book superstore magnate Joe Fox and independent book shop owner Kathleen Kelly fall in love in the anonymity of the Internet, both blissfully unaware that he\'s trying to put her out of business.', 1, 59, 'https://i.postimg.cc/MGyjgqzR/YOU-VE-GOT-MAIL.png', '1998', 37),
	(222, 'Zoolander', 'At the end of his career, a clueless fashion model is brainwashed to kill the Prime Minister of Malaysia.', 1, 30, 'https://i.postimg.cc/LX2ZpwsW/ZOOLANDER.png', '2001', 86),
	(223, 'Speed', 'A young police officer must prevent a bomb exploding aboard a city bus by keeping its speed above 50 mph.', 1, 56, 'https://i.postimg.cc/RZ3MWR8Z/SPEED.png', '1994', 87),
	(224, 'The Maze Runner', 'Thomas is deposited in a community of boys after his memory is erased, soon learning they\'re all trapped in a maze that will require him to join forces with fellow "runners" for a shot at escape.', 1, 53, 'https://i.postimg.cc/zvtrBbFh/THE-MAZE-RUNNER.png', '2014', 88),
	(225, 'The Maze Runner 2 - The Scorch Trials', 'After having escaped the Maze, the Gladers now face a new set of challenges on the open roads of a desolate landscape filled with unimaginable obstacles.', 2, 11, 'https://i.postimg.cc/sg6C4Zk0/THE-MAZE-RUNNER-2-THE-SCORCH-TRIALS.png', '2015', 88),
	(242, 'Home Alone 2', 'One year after Kevin McCallister was left home alone and had to defeat a pair of bumbling burglars, he accidentally finds himself stranded in New York City - and the same criminals are not far behind.', 1, 55, 'https://i.postimg.cc/kM8R7kN7/HOME-ALONE-2.png', '1992', 149),
	(246, 'The Goonies', 'A group of young misfits called The Goonies discover an ancient map and set out on an adventure to find a legendary pirate\'s long-lost treasure.', 1, 54, 'https://i.postimg.cc/fW2d2xv9/THE-GOONIES.png', '1985', 152),
	(247, 'Honey I shrunk the kids', 'The scientist father of a teenage girl and boy accidentally shrinks his and two other neighborhood teens to the size of insects. Now the teens must fight diminutive dangers as the father searches for them.', 1, 33, 'https://i.postimg.cc/tgnybH0b/HONEY-I-SHRUNK-THE-KIDS.png', '1989', 156),
	(248, 'The Boat that Rocked', 'A band of rogue DJs that captivated Britain, playing the music that defined a generation and standing up to a government that wanted classical music, and nothing else, on the airwaves.', 2, 15, 'https://i.postimg.cc/V6ywLH1C/THE-BOAT-THAT-ROCKED.png', '2024', 173),
	(249, 'Step Brothers', 'Two aimless middle-aged losers still living at home are forced against their will to become roommates when their parents marry.', 1, 38, 'https://i.postimg.cc/Y91H4fqy/STEP-BROTHERS.png', '2008', 174);

-- Dumping structure for table dvdcollection.genre
CREATE TABLE IF NOT EXISTS `genre` (
  `id` int unsigned NOT NULL AUTO_INCREMENT,
  `genre` varchar(100) CHARACTER SET utf8mb4 COLLATE utf8mb4_general_ci DEFAULT NULL,
  PRIMARY KEY (`id`)
) ENGINE=InnoDB AUTO_INCREMENT=28 DEFAULT CHARSET=utf8mb4 COLLATE=utf8mb4_general_ci;

-- Dumping data for table dvdcollection.genre: ~27 rows (approximately)
INSERT INTO `genre` (`id`, `genre`) VALUES
	(1, 'Science_fiction'),
	(2, 'Romantic_Comedy'),
	(3, 'Classic_80\'s '),
	(4, 'Dystopian'),
	(5, 'Action'),
	(6, 'Horror'),
	(7, 'Vintage'),
	(8, 'Comedy'),
	(9, 'Disney'),
	(10, 'Action_Adventure'),
	(11, 'Drama'),
	(12, 'Musicals'),
	(13, 'James_Bond'),
	(14, 'Dance'),
	(15, 'Drugs'),
	(16, 'Fantasy'),
	(17, 'Heist'),
	(18, 'Classic_Childhood'),
	(19, 'Christmas'),
	(20, 'Crime'),
	(21, 'Romance'),
	(22, 'Shakespeare'),
	(23, 'Western'),
	(24, 'Biography'),
	(25, 'History'),
	(26, 'Thriller'),
	(27, 'Roald Dahl');

-- Dumping structure for table dvdcollection.starring
CREATE TABLE IF NOT EXISTS `starring` (
  `id` int unsigned NOT NULL AUTO_INCREMENT,
  `dvd_id` int DEFAULT NULL,
  `actor_id` int DEFAULT NULL,
  PRIMARY KEY (`id`)
) ENGINE=InnoDB AUTO_INCREMENT=626 DEFAULT CHARSET=utf8mb4 COLLATE=utf8mb4_general_ci;

-- Dumping data for table dvdcollection.starring: ~624 rows (approximately)
INSERT INTO `starring` (`id`, `dvd_id`, `actor_id`) VALUES
	(1, 1, 1),
	(2, 1, 2),
	(3, 2, 1),
	(4, 3, 4),
	(5, 1, 3),
	(6, 4, 5),
	(7, 4, 6),
	(8, 5, 7),
	(9, 5, 8),
	(10, 6, 9),
	(11, 6, 10),
	(12, 7, 11),
	(13, 7, 12),
	(14, 7, 13),
	(15, 8, 14),
	(16, 8, 15),
	(17, 8, 16),
	(18, 9, 17),
	(19, 9, 18),
	(20, 9, 19),
	(21, 10, 20),
	(22, 10, 21),
	(23, 10, 22),
	(24, 11, 23),
	(25, 11, 24),
	(26, 11, 25),
	(27, 12, 26),
	(28, 12, 27),
	(29, 12, 28),
	(30, 12, 29),
	(31, 13, 6),
	(32, 13, 8),
	(33, 13, 30),
	(34, 15, 31),
	(35, 15, 32),
	(36, 15, 33),
	(37, 16, 34),
	(38, 16, 35),
	(39, 16, 36),
	(40, 18, 37),
	(41, 18, 38),
	(42, 18, 39),
	(43, 19, 40),
	(44, 19, 41),
	(45, 19, 42),
	(46, 14, 43),
	(47, 14, 44),
	(48, 20, 45),
	(49, 20, 46),
	(50, 20, 47),
	(51, 21, 45),
	(52, 21, 48),
	(53, 21, 46),
	(54, 22, 49),
	(55, 22, 50),
	(56, 22, 51),
	(57, 23, 52),
	(58, 23, 53),
	(59, 23, 54),
	(60, 24, 55),
	(61, 24, 56),
	(62, 25, 57),
	(63, 25, 58),
	(64, 25, 59),
	(65, 25, 60),
	(66, 26, 61),
	(67, 28, 62),
	(68, 28, 63),
	(69, 28, 64),
	(70, 29, 62),
	(71, 29, 64),
	(72, 27, 45),
	(73, 27, 65),
	(74, 27, 66),
	(75, 30, 67),
	(76, 30, 68),
	(77, 30, 69),
	(78, 31, 31),
	(79, 31, 70),
	(80, 31, 71),
	(81, 32, 72),
	(82, 32, 73),
	(83, 32, 74),
	(84, 33, 75),
	(85, 33, 76),
	(86, 33, 77),
	(87, 34, 78),
	(88, 34, 79),
	(89, 34, 80),
	(90, 35, 26),
	(91, 35, 81),
	(92, 35, 82),
	(93, 36, 26),
	(94, 36, 81),
	(95, 36, 82),
	(96, 37, 83),
	(97, 37, 84),
	(98, 38, 85),
	(99, 38, 86),
	(100, 39, 87),
	(101, 39, 88),
	(102, 40, 89),
	(103, 40, 90),
	(104, 40, 91),
	(105, 41, 92),
	(106, 41, 93),
	(107, 42, 94),
	(108, 42, 95),
	(109, 42, 91),
	(110, 43, 96),
	(111, 43, 97),
	(112, 43, 98),
	(113, 44, 99),
	(114, 44, 100),
	(115, 44, 101),
	(116, 45, 102),
	(117, 45, 103),
	(118, 45, 104),
	(119, 46, 3),
	(120, 46, 105),
	(121, 48, 99),
	(122, 48, 40),
	(123, 49, 62),
	(124, 49, 106),
	(125, 49, 107),
	(126, 47, 108),
	(127, 47, 109),
	(128, 50, 110),
	(129, 50, 111),
	(130, 51, 110),
	(131, 52, 110),
	(132, 52, 112),
	(133, 53, 110),
	(134, 54, 113),
	(135, 54, 114),
	(136, 54, 115),
	(137, 55, 115),
	(138, 55, 114),
	(139, 55, 116),
	(140, 56, 114),
	(141, 56, 115),
	(142, 57, 100),
	(143, 57, 67),
	(144, 57, 117),
	(145, 58, 82),
	(146, 58, 118),
	(147, 60, 119),
	(148, 59, 30),
	(149, 59, 116),
	(150, 61, 102),
	(151, 61, 120),
	(152, 62, 121),
	(153, 63, 94),
	(154, 63, 122),
	(155, 63, 123),
	(156, 64, 124),
	(157, 64, 125),
	(158, 64, 126),
	(159, 66, 127),
	(160, 65, 5),
	(161, 65, 128),
	(162, 67, 130),
	(163, 69, 132),
	(164, 68, 129),
	(165, 67, 131),
	(166, 68, 132),
	(167, 70, 75),
	(168, 70, 133),
	(169, 71, 134),
	(170, 71, 135),
	(171, 71, 136),
	(172, 71, 137),
	(173, 72, 134),
	(174, 72, 135),
	(175, 72, 136),
	(176, 72, 137),
	(177, 73, 134),
	(178, 73, 135),
	(179, 73, 136),
	(180, 73, 137),
	(181, 74, 138),
	(182, 74, 139),
	(183, 74, 140),
	(184, 75, 141),
	(185, 75, 142),
	(186, 75, 143),
	(187, 75, 144),
	(188, 75, 145),
	(189, 75, 146),
	(190, 76, 141),
	(191, 76, 142),
	(192, 76, 143),
	(193, 76, 144),
	(194, 76, 145),
	(195, 76, 146),
	(196, 77, 147),
	(197, 77, 60),
	(198, 78, 148),
	(199, 79, 149),
	(200, 80, 129),
	(201, 80, 141),
	(202, 81, 45),
	(203, 81, 150),
	(204, 81, 151),
	(205, 82, 152),
	(206, 82, 153),
	(207, 82, 154),
	(208, 83, 45),
	(209, 83, 155),
	(210, 83, 156),
	(211, 84, 157),
	(212, 84, 158),
	(213, 84, 159),
	(214, 85, 160),
	(215, 85, 161),
	(216, 87, 162),
	(217, 87, 45),
	(218, 87, 163),
	(219, 88, 5),
	(220, 88, 164),
	(221, 86, 75),
	(222, 89, 5),
	(223, 89, 165),
	(224, 90, 5),
	(225, 90, 166),
	(226, 90, 167),
	(227, 91, 168),
	(228, 91, 169),
	(229, 91, 117),
	(230, 92, 170),
	(231, 92, 171),
	(232, 93, 172),
	(233, 93, 173),
	(234, 94, 174),
	(235, 94, 175),
	(236, 95, 176),
	(237, 95, 7),
	(238, 96, 43),
	(239, 96, 55),
	(240, 96, 177),
	(241, 97, 162),
	(242, 97, 178),
	(243, 97, 179),
	(244, 98, 180),
	(245, 98, 2),
	(246, 99, 81),
	(247, 99, 112),
	(248, 99, 181),
	(249, 99, 50),
	(250, 100, 31),
	(251, 102, 69),
	(252, 102, 182),
	(253, 102, 183),
	(254, 103, 184),
	(255, 103, 185),
	(256, 101, 186),
	(257, 101, 187),
	(258, 104, 188),
	(259, 104, 189),
	(260, 104, 190),
	(261, 104, 191),
	(262, 105, 110),
	(263, 105, 192),
	(264, 105, 193),
	(265, 105, 194),
	(266, 105, 195),
	(267, 105, 196),
	(268, 106, 197),
	(269, 107, 197),
	(270, 108, 198),
	(271, 108, 197),
	(272, 109, 199),
	(273, 109, 200),
	(274, 109, 81),
	(275, 109, 201),
	(276, 111, 30),
	(277, 111, 82),
	(278, 110, 202),
	(279, 110, 203),
	(280, 112, 204),
	(281, 112, 205),
	(282, 113, 72),
	(283, 113, 206),
	(284, 113, 207),
	(285, 113, 208),
	(286, 113, 209),
	(287, 114, 206),
	(288, 114, 207),
	(289, 114, 72),
	(290, 115, 210),
	(291, 115, 51),
	(292, 115, 160),
	(293, 116, 45),
	(294, 116, 211),
	(295, 117, 99),
	(296, 117, 212),
	(297, 118, 43),
	(298, 118, 213),
	(299, 119, 89),
	(300, 119, 214),
	(301, 119, 215),
	(302, 120, 75),
	(303, 120, 216),
	(304, 121, 157),
	(305, 121, 143),
	(306, 121, 217),
	(307, 121, 218),
	(308, 122, 26),
	(309, 122, 219),
	(310, 123, 50),
	(311, 123, 169),
	(312, 123, 220),
	(313, 123, 221),
	(314, 123, 193),
	(315, 123, 222),
	(316, 124, 168),
	(317, 124, 171),
	(318, 124, 219),
	(319, 124, 148),
	(320, 124, 223),
	(321, 125, 168),
	(322, 125, 171),
	(323, 125, 219),
	(324, 125, 148),
	(325, 125, 224),
	(326, 125, 225),
	(327, 126, 168),
	(328, 126, 219),
	(329, 126, 171),
	(330, 126, 148),
	(331, 126, 223),
	(332, 126, 225),
	(333, 126, 170),
	(334, 127, 87),
	(335, 127, 226),
	(336, 127, 227),
	(337, 128, 94),
	(338, 128, 228),
	(339, 128, 229),
	(340, NULL, 230),
	(341, 129, 230),
	(342, 129, 231),
	(343, 129, 55),
	(344, 130, 232),
	(345, 130, 233),
	(346, 131, 234),
	(347, 131, 235),
	(348, 132, 75),
	(349, 132, 236),
	(350, 133, 31),
	(351, 133, 237),
	(352, 134, 238),
	(353, 134, 239),
	(354, 134, 240),
	(355, 135, 241),
	(356, 135, 242),
	(357, 135, 243),
	(358, 136, 244),
	(359, 136, 245),
	(360, 136, 246),
	(361, 137, 244),
	(362, 137, 245),
	(363, 137, 246),
	(364, 138, 247),
	(365, 138, 248),
	(366, 138, 249),
	(367, 139, 176),
	(368, 139, 138),
	(369, 140, 4),
	(370, 140, 250),
	(371, 141, 4),
	(372, 141, 251),
	(373, 142, 219),
	(374, 43, 34),
	(375, NULL, 120),
	(376, 143, 120),
	(377, 142, 34),
	(378, 143, 180),
	(379, 143, 112),
	(380, 144, 89),
	(381, 144, 252),
	(382, 145, 99),
	(383, 145, 208),
	(384, 146, 107),
	(385, 147, 253),
	(386, 147, 254),
	(387, 148, 253),
	(388, 149, 255),
	(389, 149, 256),
	(390, 149, 257),
	(391, 149, 258),
	(392, 150, 124),
	(393, 150, 111),
	(394, 150, 193),
	(395, 151, 107),
	(396, 152, 75),
	(397, 152, 259),
	(398, 153, 67),
	(399, 153, 260),
	(400, 154, 219),
	(401, 154, 34),
	(402, 154, 261),
	(403, 155, 262),
	(404, 155, 263),
	(405, 156, 112),
	(406, 156, 254),
	(407, 156, 212),
	(408, 157, 103),
	(409, 157, 264),
	(410, 157, 265),
	(411, 158, 224),
	(412, 158, 266),
	(413, 159, 131),
	(414, 159, 202),
	(415, 159, 267),
	(416, 159, 268),
	(417, 160, 269),
	(418, 160, 270),
	(419, 160, 271),
	(420, 161, 272),
	(421, 161, 273),
	(422, 161, 274),
	(423, 162, 140),
	(424, 162, 275),
	(425, 163, 89),
	(426, 163, 18),
	(427, 164, 219),
	(428, 164, 276),
	(429, 165, 1),
	(430, 165, 277),
	(431, 166, 278),
	(432, 166, 279),
	(433, 166, 280),
	(434, 167, 281),
	(435, 167, 282),
	(436, 167, 283),
	(437, 168, 284),
	(438, 168, 285),
	(439, 168, 286),
	(440, 169, 287),
	(441, 169, 288),
	(442, 169, 289),
	(443, 169, 269),
	(444, 169, 290),
	(445, 170, 41),
	(446, 170, 120),
	(447, 170, 291),
	(448, 171, 292),
	(449, 171, 293),
	(450, 171, 294),
	(451, 172, 67),
	(452, 172, 295),
	(453, 172, 296),
	(454, 173, 124),
	(455, 173, 297),
	(456, 173, 298),
	(457, 174, 229),
	(458, 174, 300),
	(459, 175, 5),
	(460, 175, 211),
	(461, 176, 301),
	(462, 176, 302),
	(463, 176, 303),
	(464, 177, 304),
	(465, 177, 305),
	(466, 177, 306),
	(467, 178, 307),
	(468, 178, 308),
	(469, 178, 222),
	(470, 179, 118),
	(471, 179, 309),
	(472, 180, 310),
	(473, 180, 311),
	(474, 181, 312),
	(475, 181, 313),
	(476, 181, 314),
	(477, 182, 315),
	(478, 182, 316),
	(479, 182, 317),
	(480, 183, 228),
	(481, 183, 318),
	(482, 183, 170),
	(483, 184, 176),
	(484, 184, 319),
	(485, 184, 320),
	(486, 185, 176),
	(487, 185, 319),
	(488, 185, 320),
	(489, 186, 176),
	(490, 186, 319),
	(491, 186, 320),
	(492, 189, 279),
	(493, 189, 29),
	(494, 189, 321),
	(495, 188, 322),
	(496, 188, 323),
	(497, 188, 324),
	(498, 190, 325),
	(499, 190, 326),
	(500, 190, 327),
	(501, 191, 328),
	(502, 191, 329),
	(503, 191, 330),
	(504, 192, 106),
	(505, 192, 331),
	(506, 193, 102),
	(507, 193, 165),
	(508, 193, 332),
	(509, 194, 333),
	(510, 194, 334),
	(511, 195, 4),
	(512, 195, 335),
	(513, 195, 336),
	(514, 196, 337),
	(515, 196, 200),
	(516, 197, 338),
	(517, 197, 339),
	(518, 197, 340),
	(519, 197, 39),
	(520, 198, 188),
	(521, 198, 341),
	(522, 198, 342),
	(523, 199, 328),
	(524, 199, 343),
	(525, 200, 344),
	(526, 200, 345),
	(527, 200, 346),
	(528, 201, 347),
	(529, 201, 348),
	(530, 201, 349),
	(531, 202, 204),
	(532, 203, 131),
	(533, 203, 280),
	(534, 203, 350),
	(535, 204, 31),
	(536, 204, 152),
	(537, 205, 99),
	(538, 205, 351),
	(539, 205, 352),
	(540, 3, 353),
	(541, 3, 354),
	(542, 206, 118),
	(543, 207, 118),
	(544, 208, 110),
	(545, 208, 168),
	(546, 209, 3),
	(547, 209, 157),
	(548, 210, 355),
	(549, 210, 356),
	(550, 211, 183),
	(551, 211, 357),
	(552, 211, 358),
	(553, 212, 147),
	(554, 212, 193),
	(555, 212, 312),
	(556, 213, 359),
	(557, 213, 360),
	(558, 214, 197),
	(559, 214, 361),
	(560, 214, 230),
	(561, 215, 277),
	(562, 215, 362),
	(563, 215, 363),
	(564, 216, 62),
	(565, 216, 222),
	(566, 217, 74),
	(567, 217, 364),
	(568, 217, 365),
	(569, 218, 366),
	(570, 218, 367),
	(571, 218, 368),
	(572, 219, 5),
	(573, 219, 142),
	(574, 219, 369),
	(575, 220, 95),
	(576, 220, 370),
	(577, 221, 1),
	(578, 221, 277),
	(579, 221, 371),
	(580, 222, 206),
	(581, 222, 207),
	(582, 222, 372),
	(583, 223, 106),
	(584, 223, 176),
	(585, 223, 373),
	(586, 224, 374),
	(587, 224, 375),
	(588, 224, 376),
	(589, 224, 377),
	(590, 225, 374),
	(591, 225, 275),
	(592, 225, 376),
	(593, 225, 377),
	(594, 2, 378),
	(595, 6, 379),
	(596, 230, 11),
	(597, 231, 1),
	(598, 232, 1),
	(599, 233, 1),
	(600, 234, 1),
	(601, 235, 1),
	(602, 236, 5),
	(603, 237, 5),
	(604, 238, 5),
	(605, 239, 1),
	(606, 240, 1),
	(607, 241, 1),
	(608, 17, 41),
	(609, 17, 371),
	(610, 17, 380),
	(611, 242, 157),
	(613, 242, 158),
	(614, 244, 157),
	(615, 245, 157),
	(616, 246, 381),
	(617, 246, 382),
	(618, 246, 383),
	(619, 247, 144),
	(620, 247, 384),
	(621, 248, 270),
	(622, 248, 385),
	(623, 248, 386),
	(624, 249, 387),
	(625, 249, 388);

/*!40103 SET TIME_ZONE=IFNULL(@OLD_TIME_ZONE, 'system') */;
/*!40101 SET SQL_MODE=IFNULL(@OLD_SQL_MODE, '') */;
/*!40014 SET FOREIGN_KEY_CHECKS=IFNULL(@OLD_FOREIGN_KEY_CHECKS, 1) */;
/*!40101 SET CHARACTER_SET_CLIENT=@OLD_CHARACTER_SET_CLIENT */;
/*!40111 SET SQL_NOTES=IFNULL(@OLD_SQL_NOTES, 1) */;
